condition,site,site_total_escape_frac_epistasis_model,max_mut,threshold,median,max,exceed_median,meet_exceed_median,frac_max,meet_frac_max,min_value,meet_min_value,meet_mut_min_value,strong_site,n_strong_sites
CB6_400,405,2.161,0.9846,default,0.044215000000000004,17.82,0.44215000000000004,True,1.782,True,0,True,False,True,15
CB6_400,417,17.82,0.9988,default,0.044215000000000004,17.82,0.44215000000000004,True,1.782,True,0,True,False,True,15
CB6_400,420,7.817,0.9939,default,0.044215000000000004,17.82,0.44215000000000004,True,1.782,True,0,True,False,True,15
CB6_400,421,1.926,0.985,default,0.044215000000000004,17.82,0.44215000000000004,True,1.782,True,0,True,False,True,15
CB6_400,455,4.655,0.9909,default,0.044215000000000004,17.82,0.44215000000000004,True,1.782,True,0,True,False,True,15
CB6_400,456,8.838,0.9962,default,0.044215000000000004,17.82,0.44215000000000004,True,1.782,True,0,True,False,True,15
CB6_400,460,15.84,0.9938,default,0.044215000000000004,17.82,0.44215000000000004,True,1.782,True,0,True,False,True,15
CB6_400,472,3.6010000000000004,0.9758,default,0.044215000000000004,17.82,0.44215000000000004,True,1.782,True,0,True,False,True,15
CB6_400,473,10.25,0.9861,default,0.044215000000000004,17.82,0.44215000000000004,True,1.782,True,0,True,False,True,15
CB6_400,475,10.26,0.9934,default,0.044215000000000004,17.82,0.44215000000000004,True,1.782,True,0,True,False,True,15
CB6_400,476,3.555,0.9669,default,0.044215000000000004,17.82,0.44215000000000004,True,1.782,True,0,True,False,True,15
CB6_400,486,4.612,0.8869,default,0.044215000000000004,17.82,0.44215000000000004,True,1.782,True,0,True,False,True,15
CB6_400,487,12.25,0.9922,default,0.044215000000000004,17.82,0.44215000000000004,True,1.782,True,0,True,False,True,15
CB6_400,489,6.859,0.993,default,0.044215000000000004,17.82,0.44215000000000004,True,1.782,True,0,True,False,True,15
CB6_400,504,6.257999999999999,0.9081,default,0.044215000000000004,17.82,0.44215000000000004,True,1.782,True,0,True,False,True,15
COV2-2050_400,484,3.9619999999999997,0.3596,default,0.020205,3.9619999999999997,0.20205,True,0.3962,True,0,True,False,True,3
COV2-2050_400,489,0.4936,0.2231,default,0.020205,3.9619999999999997,0.20205,True,0.3962,True,0,True,False,True,3
COV2-2050_400,490,0.8722,0.3142,default,0.020205,3.9619999999999997,0.20205,True,0.3962,True,0,True,False,True,3
COV2-2082_400,376,1.274,0.7191,default,0.037195,2.5580000000000003,0.37195,True,0.2558,True,0,True,False,True,4
COV2-2082_400,378,2.5580000000000003,0.4909,default,0.037195,2.5580000000000003,0.37195,True,0.2558,True,0,True,False,True,4
COV2-2082_400,408,0.4358,0.3981,default,0.037195,2.5580000000000003,0.37195,True,0.2558,True,0,True,False,True,4
COV2-2082_400,417,2.275,0.6431,default,0.037195,2.5580000000000003,0.37195,True,0.2558,True,0,True,False,True,4
COV2-2094_400,376,0.56,0.1566,default,0.02134,2.258,0.2134,True,0.2258,True,0,True,False,True,3
COV2-2094_400,378,2.258,0.4236,default,0.02134,2.258,0.2134,True,0.2258,True,0,True,False,True,3
COV2-2094_400,417,0.5565,0.1889,default,0.02134,2.258,0.2134,True,0.2258,True,0,True,False,True,3
COV2-2096_400,446,0.8437,0.1761,default,0.01517,4.218,0.1517,True,0.4218,True,0,True,False,True,8
COV2-2096_400,447,1.304,0.2,default,0.01517,4.218,0.1517,True,0.4218,True,0,True,False,True,8
COV2-2096_400,448,1.3330000000000002,0.2726,default,0.01517,4.218,0.1517,True,0.4218,True,0,True,False,True,8
COV2-2096_400,449,0.6332,0.2159,default,0.01517,4.218,0.1517,True,0.4218,True,0,True,False,True,8
COV2-2096_400,450,2.017,0.3044,default,0.01517,4.218,0.1517,True,0.4218,True,0,True,False,True,8
COV2-2096_400,452,2.217,0.4329,default,0.01517,4.218,0.1517,True,0.4218,True,0,True,False,True,8
COV2-2096_400,484,0.7871,0.1678,default,0.01517,4.218,0.1517,True,0.4218,True,0,True,False,True,8
COV2-2096_400,490,4.218,0.3765,default,0.01517,4.218,0.1517,True,0.4218,True,0,True,False,True,8
COV2-2130_400,346,13.13,0.9437,default,0.021054999999999997,18.33,0.21054999999999996,True,1.833,True,0,True,False,True,9
COV2-2130_400,444,18.33,0.993,default,0.021054999999999997,18.33,0.21054999999999996,True,1.833,True,0,True,False,True,9
COV2-2130_400,445,2.583,0.9803,default,0.021054999999999997,18.33,0.21054999999999996,True,1.833,True,0,True,False,True,9
COV2-2130_400,446,2.287,0.9847,default,0.021054999999999997,18.33,0.21054999999999996,True,1.833,True,0,True,False,True,9
COV2-2130_400,447,12.49,0.9852,default,0.021054999999999997,18.33,0.21054999999999996,True,1.833,True,0,True,False,True,9
COV2-2130_400,448,7.732,0.9796,default,0.021054999999999997,18.33,0.21054999999999996,True,1.833,True,0,True,False,True,9
COV2-2130_400,449,3.536,0.9706,default,0.021054999999999997,18.33,0.21054999999999996,True,1.833,True,0,True,False,True,9
COV2-2130_400,450,2.6210000000000004,0.9588,default,0.021054999999999997,18.33,0.21054999999999996,True,1.833,True,0,True,False,True,9
COV2-2130_400,494,2.194,0.9475,default,0.021054999999999997,18.33,0.21054999999999996,True,1.833,True,0,True,False,True,9
COV2-2165_400,420,0.4239,0.2957,default,0.02561,0.8314,0.2561,True,0.08314,True,0,True,False,True,4
COV2-2165_400,456,0.2626,0.09283999999999999,default,0.02561,0.8314,0.2561,True,0.08314,True,0,True,False,True,4
COV2-2165_400,475,0.36,0.1189,default,0.02561,0.8314,0.2561,True,0.08314,True,0,True,False,True,4
COV2-2165_400,487,0.8314,0.4588,default,0.02561,0.8314,0.2561,True,0.08314,True,0,True,False,True,4
COV2-2196_400,475,2.21,0.9291,default,0.2203,14.32,2.203,True,1.4320000000000002,True,0,True,False,True,5
COV2-2196_400,476,7.3020000000000005,0.9865,default,0.2203,14.32,2.203,True,1.4320000000000002,True,0,True,False,True,5
COV2-2196_400,486,14.32,0.9994,default,0.2203,14.32,2.203,True,1.4320000000000002,True,0,True,False,True,5
COV2-2196_400,487,10.63,0.9961,default,0.2203,14.32,2.203,True,1.4320000000000002,True,0,True,False,True,5
COV2-2196_400,489,4.3919999999999995,0.9548,default,0.2203,14.32,2.203,True,1.4320000000000002,True,0,True,False,True,5
COV2-2479_400,484,0.7676,0.1072,default,0.010995,0.7676,0.10994999999999999,True,0.07676,True,0,True,False,True,3
COV2-2479_400,485,0.1896,0.179,default,0.010995,0.7676,0.10994999999999999,True,0.07676,True,0,True,False,True,3
COV2-2479_400,490,0.4985,0.2025,default,0.010995,0.7676,0.10994999999999999,True,0.07676,True,0,True,False,True,3
COV2-2499_400,443,1.9680000000000002,0.6235,default,0.037309999999999996,7.796,0.3731,True,0.7796000000000001,True,0,True,False,True,9
COV2-2499_400,445,4.916,0.6351,default,0.037309999999999996,7.796,0.3731,True,0.7796000000000001,True,0,True,False,True,9
COV2-2499_400,446,6.1370000000000005,0.65,default,0.037309999999999996,7.796,0.3731,True,0.7796000000000001,True,0,True,False,True,9
COV2-2499_400,447,7.579,0.645,default,0.037309999999999996,7.796,0.3731,True,0.7796000000000001,True,0,True,False,True,9
COV2-2499_400,449,1.615,0.2303,default,0.037309999999999996,7.796,0.3731,True,0.7796000000000001,True,0,True,False,True,9
COV2-2499_400,496,7.796,0.6809999999999999,default,0.037309999999999996,7.796,0.3731,True,0.7796000000000001,True,0,True,False,True,9
COV2-2499_400,498,6.37,0.6154,default,0.037309999999999996,7.796,0.3731,True,0.7796000000000001,True,0,True,False,True,9
COV2-2499_400,499,1.656,0.3411,default,0.037309999999999996,7.796,0.3731,True,0.7796000000000001,True,0,True,False,True,9
COV2-2499_400,500,4.763999999999999,0.5756,default,0.037309999999999996,7.796,0.3731,True,0.7796000000000001,True,0,True,False,True,9
COV2-2677_400,369,0.8481,0.3515,default,0.015805,3.096,0.15805,True,0.30960000000000004,True,0,True,False,True,6
COV2-2677_400,370,0.5242,0.508,default,0.015805,3.096,0.15805,True,0.30960000000000004,True,0,True,False,True,6
COV2-2677_400,372,0.5918,0.3,default,0.015805,3.096,0.15805,True,0.30960000000000004,True,0,True,False,True,6
COV2-2677_400,374,0.6498,0.3257,default,0.015805,3.096,0.15805,True,0.30960000000000004,True,0,True,False,True,6
COV2-2677_400,378,3.096,0.4904,default,0.015805,3.096,0.15805,True,0.30960000000000004,True,0,True,False,True,6
COV2-2677_400,384,2.752,0.6092,default,0.015805,3.096,0.15805,True,0.30960000000000004,True,0,True,False,True,6
COV2-2832_400,475,0.3397,0.2112,default,0.023645,3.2239999999999998,0.23645,True,0.3224,True,0,True,False,True,4
COV2-2832_400,484,0.4752,0.1427,default,0.023645,3.2239999999999998,0.23645,True,0.3224,True,0,True,False,True,4
COV2-2832_400,486,3.2239999999999998,0.5769,default,0.023645,3.2239999999999998,0.23645,True,0.3224,True,0,True,False,True,4
COV2-2832_400,487,1.301,0.248,default,0.023645,3.2239999999999998,0.23645,True,0.3224,True,0,True,False,True,4
CR3022_400,378,1.38,0.1672,default,0.074495,1.38,0.74495,True,0.13799999999999998,True,0,True,False,True,2
CR3022_400,383,1.281,0.2837,default,0.074495,1.38,0.74495,True,0.13799999999999998,True,0,True,False,True,2
LY-CoV555_400,452,4.015,0.9798,default,0.02311,16.81,0.23109999999999997,True,1.681,True,0,True,False,True,9
LY-CoV555_400,472,3.1889999999999996,0.9519,default,0.02311,16.81,0.23109999999999997,True,1.681,True,0,True,False,True,9
LY-CoV555_400,483,5.667000000000001,0.9396,default,0.02311,16.81,0.23109999999999997,True,1.681,True,0,True,False,True,9
LY-CoV555_400,484,16.81,0.9925,default,0.02311,16.81,0.23109999999999997,True,1.681,True,0,True,False,True,9
LY-CoV555_400,485,5.849,0.9558,default,0.02311,16.81,0.23109999999999997,True,1.681,True,0,True,False,True,9
LY-CoV555_400,486,4.3660000000000005,0.8781,default,0.02311,16.81,0.23109999999999997,True,1.681,True,0,True,False,True,9
LY-CoV555_400,490,10.2,0.9857,default,0.02311,16.81,0.23109999999999997,True,1.681,True,0,True,False,True,9
LY-CoV555_400,493,4.654,0.9833,default,0.02311,16.81,0.23109999999999997,True,1.681,True,0,True,False,True,9
LY-CoV555_400,494,5.502000000000001,0.981,default,0.02311,16.81,0.23109999999999997,True,1.681,True,0,True,False,True,9
REGN10933_400,417,4.572,0.826,default,0.041335,14.34,0.41335,True,1.4340000000000002,True,0,True,False,True,10
REGN10933_400,453,4.107,0.6988,default,0.041335,14.34,0.41335,True,1.4340000000000002,True,0,True,False,True,10
REGN10933_400,455,6.7860000000000005,0.9849,default,0.041335,14.34,0.41335,True,1.4340000000000002,True,0,True,False,True,10
REGN10933_400,475,1.83,0.9129999999999999,default,0.041335,14.34,0.41335,True,1.4340000000000002,True,0,True,False,True,10
REGN10933_400,476,2.8689999999999998,0.8953,default,0.041335,14.34,0.41335,True,1.4340000000000002,True,0,True,False,True,10
REGN10933_400,484,2.997,0.5521,default,0.041335,14.34,0.41335,True,1.4340000000000002,True,0,True,False,True,10
REGN10933_400,486,14.34,0.9890000000000001,default,0.041335,14.34,0.41335,True,1.4340000000000002,True,0,True,False,True,10
REGN10933_400,487,7.343,0.9595,default,0.041335,14.34,0.41335,True,1.4340000000000002,True,0,True,False,True,10
REGN10933_400,489,5.5360000000000005,0.9431,default,0.041335,14.34,0.41335,True,1.4340000000000002,True,0,True,False,True,10
REGN10933_400,493,4.9639999999999995,0.7946,default,0.041335,14.34,0.41335,True,1.4340000000000002,True,0,True,False,True,10
REGN10987_400,439,2.15,0.8291,default,0.032119999999999996,17.3,0.32119999999999993,True,1.7300000000000002,True,0,True,False,True,10
REGN10987_400,440,6.528,0.9556,default,0.032119999999999996,17.3,0.32119999999999993,True,1.7300000000000002,True,0,True,False,True,10
REGN10987_400,443,2.081,0.8212,default,0.032119999999999996,17.3,0.32119999999999993,True,1.7300000000000002,True,0,True,False,True,10
REGN10987_400,444,17.3,0.985,default,0.032119999999999996,17.3,0.32119999999999993,True,1.7300000000000002,True,0,True,False,True,10
REGN10987_400,445,16.46,1.0,default,0.032119999999999996,17.3,0.32119999999999993,True,1.7300000000000002,True,0,True,False,True,10
REGN10987_400,446,17.06,0.9867,default,0.032119999999999996,17.3,0.32119999999999993,True,1.7300000000000002,True,0,True,False,True,10
REGN10987_400,447,12.13,0.9683,default,0.032119999999999996,17.3,0.32119999999999993,True,1.7300000000000002,True,0,True,False,True,10
REGN10987_400,448,7.105,0.9084,default,0.032119999999999996,17.3,0.32119999999999993,True,1.7300000000000002,True,0,True,False,True,10
REGN10987_400,450,1.8780000000000001,0.9709,default,0.032119999999999996,17.3,0.32119999999999993,True,1.7300000000000002,True,0,True,False,True,10
REGN10987_400,499,8.202,0.9881,default,0.032119999999999996,17.3,0.32119999999999993,True,1.7300000000000002,True,0,True,False,True,10
S2D106_68,484,11.42,1.0,default,0.36324999999999996,11.42,3.6324999999999994,True,1.1420000000000001,True,0,True,False,True,2
S2D106_68,490,7.565,1.0,default,0.36324999999999996,11.42,3.6324999999999994,True,1.1420000000000001,True,0,True,False,True,2
S2E12_56,476,8.009,0.9965,default,0.5085500000000001,17.07,5.085500000000001,True,1.707,True,0,True,False,True,5
S2E12_56,484,5.202000000000001,0.9463,default,0.5085500000000001,17.07,5.085500000000001,True,1.707,True,0,True,False,True,5
S2E12_56,486,17.07,1.0,default,0.5085500000000001,17.07,5.085500000000001,True,1.707,True,0,True,False,True,5
S2E12_56,487,13.77,0.9994,default,0.5085500000000001,17.07,5.085500000000001,True,1.707,True,0,True,False,True,5
S2E12_56,489,7.662999999999999,0.9959,default,0.5085500000000001,17.07,5.085500000000001,True,1.707,True,0,True,False,True,5
S2H13_56,449,2.887,0.9540000000000001,default,0.02978,17.16,0.2978,True,1.7160000000000002,True,0,True,False,True,11
S2H13_56,456,3.926,0.9741,default,0.02978,17.16,0.2978,True,1.7160000000000002,True,0,True,False,True,11
S2H13_56,472,11.99,1.0,default,0.02978,17.16,0.2978,True,1.7160000000000002,True,0,True,False,True,11
S2H13_56,473,8.408,0.9518,default,0.02978,17.16,0.2978,True,1.7160000000000002,True,0,True,False,True,11
S2H13_56,481,4.76,0.8817,default,0.02978,17.16,0.2978,True,1.7160000000000002,True,0,True,False,True,11
S2H13_56,483,15.89,0.9921,default,0.02978,17.16,0.2978,True,1.7160000000000002,True,0,True,False,True,11
S2H13_56,484,17.16,0.9909,default,0.02978,17.16,0.2978,True,1.7160000000000002,True,0,True,False,True,11
S2H13_56,485,11.62,0.9859,default,0.02978,17.16,0.2978,True,1.7160000000000002,True,0,True,False,True,11
S2H13_56,486,14.14,0.9822,default,0.02978,17.16,0.2978,True,1.7160000000000002,True,0,True,False,True,11
S2H13_56,487,2.716,0.8615,default,0.02978,17.16,0.2978,True,1.7160000000000002,True,0,True,False,True,11
S2H13_56,490,8.785,0.953,default,0.02978,17.16,0.2978,True,1.7160000000000002,True,0,True,False,True,11
S2H14_105,403,1.952,0.992,default,0.024319999999999998,16.26,0.24319999999999997,True,1.6260000000000003,True,0,True,False,True,10
S2H14_105,417,2.5469999999999997,0.9556,default,0.024319999999999998,16.26,0.24319999999999997,True,1.6260000000000003,True,0,True,False,True,10
S2H14_105,449,13.27,0.9934,default,0.024319999999999998,16.26,0.24319999999999997,True,1.6260000000000003,True,0,True,False,True,10
S2H14_105,455,8.125,0.9729,default,0.024319999999999998,16.26,0.24319999999999997,True,1.6260000000000003,True,0,True,False,True,10
S2H14_105,456,5.71,0.9987,default,0.024319999999999998,16.26,0.24319999999999997,True,1.6260000000000003,True,0,True,False,True,10
S2H14_105,489,4.323,0.9842,default,0.024319999999999998,16.26,0.24319999999999997,True,1.6260000000000003,True,0,True,False,True,10
S2H14_105,496,10.61,0.9904,default,0.024319999999999998,16.26,0.24319999999999997,True,1.6260000000000003,True,0,True,False,True,10
S2H14_105,498,10.71,0.9842,default,0.024319999999999998,16.26,0.24319999999999997,True,1.6260000000000003,True,0,True,False,True,10
S2H14_105,500,16.26,1.0,default,0.024319999999999998,16.26,0.24319999999999997,True,1.6260000000000003,True,0,True,False,True,10
S2H14_105,501,14.66,0.9936,default,0.024319999999999998,16.26,0.24319999999999997,True,1.6260000000000003,True,0,True,False,True,10
S2H58_46,472,3.406,0.9859,default,0.3376,18.75,3.3760000000000003,True,1.875,True,0,True,False,True,6
S2H58_46,484,18.75,1.0,default,0.3376,18.75,3.3760000000000003,True,1.875,True,0,True,False,True,6
S2H58_46,486,17.01,1.0,default,0.3376,18.75,3.3760000000000003,True,1.875,True,0,True,False,True,6
S2H58_46,487,5.992999999999999,0.997,default,0.3376,18.75,3.3760000000000003,True,1.875,True,0,True,False,True,6
S2H58_46,489,4.073,0.9953,default,0.3376,18.75,3.3760000000000003,True,1.875,True,0,True,False,True,6
S2H58_46,490,8.494,0.9978,default,0.3376,18.75,3.3760000000000003,True,1.875,True,0,True,False,True,6
S2H97_58,394,0.6844,0.5114,default,0.05865,4.166,0.5865,True,0.4166000000000001,True,0,True,False,True,7
S2H97_58,396,1.216,0.5295,default,0.05865,4.166,0.5865,True,0.4166000000000001,True,0,True,False,True,7
S2H97_58,428,1.01,0.5109,default,0.05865,4.166,0.5865,True,0.4166000000000001,True,0,True,False,True,7
S2H97_58,462,1.745,0.5577,default,0.05865,4.166,0.5865,True,0.4166000000000001,True,0,True,False,True,7
S2H97_58,514,2.28,0.5432,default,0.05865,4.166,0.5865,True,0.4166000000000001,True,0,True,False,True,7
S2H97_58,516,2.84,0.5466,default,0.05865,4.166,0.5865,True,0.4166000000000001,True,0,True,False,True,7
S2H97_58,518,4.166,0.8540000000000001,default,0.05865,4.166,0.5865,True,0.4166000000000001,True,0,True,False,True,7
S2X16_54,417,3.112,0.9948,default,0.080395,18.35,0.8039499999999999,True,1.8350000000000002,True,0,True,False,True,11
S2X16_54,455,5.621,0.9903,default,0.080395,18.35,0.8039499999999999,True,1.8350000000000002,True,0,True,False,True,11
S2X16_54,456,12.61,0.9935,default,0.080395,18.35,0.8039499999999999,True,1.8350000000000002,True,0,True,False,True,11
S2X16_54,472,6.766,0.991,default,0.080395,18.35,0.8039499999999999,True,1.8350000000000002,True,0,True,False,True,11
S2X16_54,473,10.06,0.9974,default,0.080395,18.35,0.8039499999999999,True,1.8350000000000002,True,0,True,False,True,11
S2X16_54,475,10.58,0.9988,default,0.080395,18.35,0.8039499999999999,True,1.8350000000000002,True,0,True,False,True,11
S2X16_54,484,18.35,1.0,default,0.080395,18.35,0.8039499999999999,True,1.8350000000000002,True,0,True,False,True,11
S2X16_54,486,16.45,1.0,default,0.080395,18.35,0.8039499999999999,True,1.8350000000000002,True,0,True,False,True,11
S2X16_54,487,13.73,1.0,default,0.080395,18.35,0.8039499999999999,True,1.8350000000000002,True,0,True,False,True,11
S2X16_54,489,6.83,0.9892,default,0.080395,18.35,0.8039499999999999,True,1.8350000000000002,True,0,True,False,True,11
S2X16_54,493,4.967,0.9985,default,0.080395,18.35,0.8039499999999999,True,1.8350000000000002,True,0,True,False,True,11
S2X227_138,443,3.466,0.9704,default,0.02187,14.92,0.2187,True,1.492,True,0,True,False,True,4
S2X227_138,445,10.68,0.9872,default,0.02187,14.92,0.2187,True,1.492,True,0,True,False,True,4
S2X227_138,446,14.92,0.9831,default,0.02187,14.92,0.2187,True,1.492,True,0,True,False,True,4
S2X227_138,499,5.72,0.9526,default,0.02187,14.92,0.2187,True,1.492,True,0,True,False,True,4
S2X259_59,374,1.248,0.8807,default,0.018145,12.46,0.18145,True,1.2460000000000002,True,0,True,False,True,5
S2X259_59,378,1.7819999999999998,0.8868,default,0.018145,12.46,0.18145,True,1.2460000000000002,True,0,True,False,True,5
S2X259_59,384,1.258,0.7836,default,0.018145,12.46,0.18145,True,1.2460000000000002,True,0,True,False,True,5
S2X259_59,408,2.917,0.846,default,0.018145,12.46,0.18145,True,1.2460000000000002,True,0,True,False,True,5
S2X259_59,504,12.46,0.9644,default,0.018145,12.46,0.18145,True,1.2460000000000002,True,0,True,False,True,5
S2X35_70,504,18.09,1.0,default,0.66765,18.09,6.6765,True,1.8090000000000002,True,0,True,False,True,1
S2X58_18,450,14.85,0.9976,default,0.5112,14.85,5.112,True,1.485,True,0,True,False,True,5
S2X58_18,452,5.324,0.9978,default,0.5112,14.85,5.112,True,1.485,True,0,True,False,True,5
S2X58_18,484,14.44,0.9956,default,0.5112,14.85,5.112,True,1.485,True,0,True,False,True,5
S2X58_18,490,13.98,0.9979,default,0.5112,14.85,5.112,True,1.485,True,0,True,False,True,5
S2X58_18,494,10.34,0.9916,default,0.5112,14.85,5.112,True,1.485,True,0,True,False,True,5
S304_46,381,4.523,0.9897,default,0.26925,16.45,2.6925,True,1.645,True,0,True,False,True,5
S304_46,383,6.876,0.9784,default,0.26925,16.45,2.6925,True,1.645,True,0,True,False,True,5
S304_46,384,3.28,0.9501,default,0.26925,16.45,2.6925,True,1.645,True,0,True,False,True,5
S304_46,385,16.45,0.9979,default,0.26925,16.45,2.6925,True,1.645,True,0,True,False,True,5
S304_46,386,7.736000000000001,0.9814,default,0.26925,16.45,2.6925,True,1.645,True,0,True,False,True,5
S309_421,337,13.61,1.0,default,0.5629500000000001,13.61,5.6295,True,1.361,True,0,True,False,True,2
S309_421,340,10.87,0.9989,default,0.5629500000000001,13.61,5.6295,True,1.361,True,0,True,False,True,2
CB6_400,405,2.161,0.9846,sensitive,0.044215000000000004,17.82,0.22107500000000002,True,0.891,True,0,True,False,True,19
CB6_400,415,0.9903,0.6932,sensitive,0.044215000000000004,17.82,0.22107500000000002,True,0.891,True,0,True,False,True,19
CB6_400,417,17.82,0.9988,sensitive,0.044215000000000004,17.82,0.22107500000000002,True,0.891,True,0,True,False,True,19
CB6_400,420,7.817,0.9939,sensitive,0.044215000000000004,17.82,0.22107500000000002,True,0.891,True,0,True,False,True,19
CB6_400,421,1.926,0.985,sensitive,0.044215000000000004,17.82,0.22107500000000002,True,0.891,True,0,True,False,True,19
CB6_400,455,4.655,0.9909,sensitive,0.044215000000000004,17.82,0.22107500000000002,True,0.891,True,0,True,False,True,19
CB6_400,456,8.838,0.9962,sensitive,0.044215000000000004,17.82,0.22107500000000002,True,0.891,True,0,True,False,True,19
CB6_400,460,15.84,0.9938,sensitive,0.044215000000000004,17.82,0.22107500000000002,True,0.891,True,0,True,False,True,19
CB6_400,472,3.6010000000000004,0.9758,sensitive,0.044215000000000004,17.82,0.22107500000000002,True,0.891,True,0,True,False,True,19
CB6_400,473,10.25,0.9861,sensitive,0.044215000000000004,17.82,0.22107500000000002,True,0.891,True,0,True,False,True,19
CB6_400,475,10.26,0.9934,sensitive,0.044215000000000004,17.82,0.22107500000000002,True,0.891,True,0,True,False,True,19
CB6_400,476,3.555,0.9669,sensitive,0.044215000000000004,17.82,0.22107500000000002,True,0.891,True,0,True,False,True,19
CB6_400,485,0.9733,0.879,sensitive,0.044215000000000004,17.82,0.22107500000000002,True,0.891,True,0,True,False,True,19
CB6_400,486,4.612,0.8869,sensitive,0.044215000000000004,17.82,0.22107500000000002,True,0.891,True,0,True,False,True,19
CB6_400,487,12.25,0.9922,sensitive,0.044215000000000004,17.82,0.22107500000000002,True,0.891,True,0,True,False,True,19
CB6_400,489,6.859,0.993,sensitive,0.044215000000000004,17.82,0.22107500000000002,True,0.891,True,0,True,False,True,19
CB6_400,493,1.1440000000000001,0.5820000000000001,sensitive,0.044215000000000004,17.82,0.22107500000000002,True,0.891,True,0,True,False,True,19
CB6_400,501,1.443,0.5011,sensitive,0.044215000000000004,17.82,0.22107500000000002,True,0.891,True,0,True,False,True,19
CB6_400,504,6.257999999999999,0.9081,sensitive,0.044215000000000004,17.82,0.22107500000000002,True,0.891,True,0,True,False,True,19
COV2-2050_400,484,3.9619999999999997,0.3596,sensitive,0.020205,3.9619999999999997,0.101025,True,0.1981,True,0,True,False,True,4
COV2-2050_400,485,0.2864,0.2622,sensitive,0.020205,3.9619999999999997,0.101025,True,0.1981,True,0,True,False,True,4
COV2-2050_400,489,0.4936,0.2231,sensitive,0.020205,3.9619999999999997,0.101025,True,0.1981,True,0,True,False,True,4
COV2-2050_400,490,0.8722,0.3142,sensitive,0.020205,3.9619999999999997,0.101025,True,0.1981,True,0,True,False,True,4
COV2-2082_400,376,1.274,0.7191,sensitive,0.037195,2.5580000000000003,0.185975,True,0.1279,True,0,True,False,True,4
COV2-2082_400,378,2.5580000000000003,0.4909,sensitive,0.037195,2.5580000000000003,0.185975,True,0.1279,True,0,True,False,True,4
COV2-2082_400,408,0.4358,0.3981,sensitive,0.037195,2.5580000000000003,0.185975,True,0.1279,True,0,True,False,True,4
COV2-2082_400,417,2.275,0.6431,sensitive,0.037195,2.5580000000000003,0.185975,True,0.1279,True,0,True,False,True,4
COV2-2094_400,376,0.56,0.1566,sensitive,0.02134,2.258,0.1067,True,0.1129,True,0,True,False,True,4
COV2-2094_400,378,2.258,0.4236,sensitive,0.02134,2.258,0.1067,True,0.1129,True,0,True,False,True,4
COV2-2094_400,408,0.192,0.08574,sensitive,0.02134,2.258,0.1067,True,0.1129,True,0,True,False,True,4
COV2-2094_400,417,0.5565,0.1889,sensitive,0.02134,2.258,0.1067,True,0.1129,True,0,True,False,True,4
COV2-2096_400,346,0.3122,0.1266,sensitive,0.01517,4.218,0.07585,True,0.2109,True,0,True,False,True,10
COV2-2096_400,446,0.8437,0.1761,sensitive,0.01517,4.218,0.07585,True,0.2109,True,0,True,False,True,10
COV2-2096_400,447,1.304,0.2,sensitive,0.01517,4.218,0.07585,True,0.2109,True,0,True,False,True,10
COV2-2096_400,448,1.3330000000000002,0.2726,sensitive,0.01517,4.218,0.07585,True,0.2109,True,0,True,False,True,10
COV2-2096_400,449,0.6332,0.2159,sensitive,0.01517,4.218,0.07585,True,0.2109,True,0,True,False,True,10
COV2-2096_400,450,2.017,0.3044,sensitive,0.01517,4.218,0.07585,True,0.2109,True,0,True,False,True,10
COV2-2096_400,452,2.217,0.4329,sensitive,0.01517,4.218,0.07585,True,0.2109,True,0,True,False,True,10
COV2-2096_400,484,0.7871,0.1678,sensitive,0.01517,4.218,0.07585,True,0.2109,True,0,True,False,True,10
COV2-2096_400,490,4.218,0.3765,sensitive,0.01517,4.218,0.07585,True,0.2109,True,0,True,False,True,10
COV2-2096_400,494,0.3588,0.217,sensitive,0.01517,4.218,0.07585,True,0.2109,True,0,True,False,True,10
COV2-2130_400,346,13.13,0.9437,sensitive,0.021054999999999997,18.33,0.10527499999999998,True,0.9165,True,0,True,False,True,9
COV2-2130_400,444,18.33,0.993,sensitive,0.021054999999999997,18.33,0.10527499999999998,True,0.9165,True,0,True,False,True,9
COV2-2130_400,445,2.583,0.9803,sensitive,0.021054999999999997,18.33,0.10527499999999998,True,0.9165,True,0,True,False,True,9
COV2-2130_400,446,2.287,0.9847,sensitive,0.021054999999999997,18.33,0.10527499999999998,True,0.9165,True,0,True,False,True,9
COV2-2130_400,447,12.49,0.9852,sensitive,0.021054999999999997,18.33,0.10527499999999998,True,0.9165,True,0,True,False,True,9
COV2-2130_400,448,7.732,0.9796,sensitive,0.021054999999999997,18.33,0.10527499999999998,True,0.9165,True,0,True,False,True,9
COV2-2130_400,449,3.536,0.9706,sensitive,0.021054999999999997,18.33,0.10527499999999998,True,0.9165,True,0,True,False,True,9
COV2-2130_400,450,2.6210000000000004,0.9588,sensitive,0.021054999999999997,18.33,0.10527499999999998,True,0.9165,True,0,True,False,True,9
COV2-2130_400,494,2.194,0.9475,sensitive,0.021054999999999997,18.33,0.10527499999999998,True,0.9165,True,0,True,False,True,9
COV2-2165_400,420,0.4239,0.2957,sensitive,0.02561,0.8314,0.12805,True,0.04157,True,0,True,False,True,4
COV2-2165_400,456,0.2626,0.09283999999999999,sensitive,0.02561,0.8314,0.12805,True,0.04157,True,0,True,False,True,4
COV2-2165_400,475,0.36,0.1189,sensitive,0.02561,0.8314,0.12805,True,0.04157,True,0,True,False,True,4
COV2-2165_400,487,0.8314,0.4588,sensitive,0.02561,0.8314,0.12805,True,0.04157,True,0,True,False,True,4
COV2-2196_400,472,1.42,0.6045,sensitive,0.2203,14.32,1.1015,True,0.7160000000000001,True,0,True,False,True,7
COV2-2196_400,475,2.21,0.9291,sensitive,0.2203,14.32,1.1015,True,0.7160000000000001,True,0,True,False,True,7
COV2-2196_400,476,7.3020000000000005,0.9865,sensitive,0.2203,14.32,1.1015,True,0.7160000000000001,True,0,True,False,True,7
COV2-2196_400,485,1.865,0.9994,sensitive,0.2203,14.32,1.1015,True,0.7160000000000001,True,0,True,False,True,7
COV2-2196_400,486,14.32,0.9994,sensitive,0.2203,14.32,1.1015,True,0.7160000000000001,True,0,True,False,True,7
COV2-2196_400,487,10.63,0.9961,sensitive,0.2203,14.32,1.1015,True,0.7160000000000001,True,0,True,False,True,7
COV2-2196_400,489,4.3919999999999995,0.9548,sensitive,0.2203,14.32,1.1015,True,0.7160000000000001,True,0,True,False,True,7
COV2-2479_400,369,0.06357,0.04825,sensitive,0.010995,0.7676,0.054974999999999996,True,0.03838,True,0,True,False,True,7
COV2-2479_400,472,0.06264,0.03485,sensitive,0.010995,0.7676,0.054974999999999996,True,0.03838,True,0,True,False,True,7
COV2-2479_400,483,0.058710000000000005,0.042769999999999996,sensitive,0.010995,0.7676,0.054974999999999996,True,0.03838,True,0,True,False,True,7
COV2-2479_400,484,0.7676,0.1072,sensitive,0.010995,0.7676,0.054974999999999996,True,0.03838,True,0,True,False,True,7
COV2-2479_400,485,0.1896,0.179,sensitive,0.010995,0.7676,0.054974999999999996,True,0.03838,True,0,True,False,True,7
COV2-2479_400,490,0.4985,0.2025,sensitive,0.010995,0.7676,0.054974999999999996,True,0.03838,True,0,True,False,True,7
COV2-2479_400,499,0.07829,0.052289999999999996,sensitive,0.010995,0.7676,0.054974999999999996,True,0.03838,True,0,True,False,True,7
COV2-2499_400,443,1.9680000000000002,0.6235,sensitive,0.037309999999999996,7.796,0.18655,True,0.38980000000000004,True,0,True,False,True,11
COV2-2499_400,445,4.916,0.6351,sensitive,0.037309999999999996,7.796,0.18655,True,0.38980000000000004,True,0,True,False,True,11
COV2-2499_400,446,6.1370000000000005,0.65,sensitive,0.037309999999999996,7.796,0.18655,True,0.38980000000000004,True,0,True,False,True,11
COV2-2499_400,447,7.579,0.645,sensitive,0.037309999999999996,7.796,0.18655,True,0.38980000000000004,True,0,True,False,True,11
COV2-2499_400,448,0.5058,0.2835,sensitive,0.037309999999999996,7.796,0.18655,True,0.38980000000000004,True,0,True,False,True,11
COV2-2499_400,449,1.615,0.2303,sensitive,0.037309999999999996,7.796,0.18655,True,0.38980000000000004,True,0,True,False,True,11
COV2-2499_400,496,7.796,0.6809999999999999,sensitive,0.037309999999999996,7.796,0.18655,True,0.38980000000000004,True,0,True,False,True,11
COV2-2499_400,498,6.37,0.6154,sensitive,0.037309999999999996,7.796,0.18655,True,0.38980000000000004,True,0,True,False,True,11
COV2-2499_400,499,1.656,0.3411,sensitive,0.037309999999999996,7.796,0.18655,True,0.38980000000000004,True,0,True,False,True,11
COV2-2499_400,500,4.763999999999999,0.5756,sensitive,0.037309999999999996,7.796,0.18655,True,0.38980000000000004,True,0,True,False,True,11
COV2-2499_400,501,0.5019,0.1518,sensitive,0.037309999999999996,7.796,0.18655,True,0.38980000000000004,True,0,True,False,True,11
COV2-2677_400,369,0.8481,0.3515,sensitive,0.015805,3.096,0.079025,True,0.15480000000000002,True,0,True,False,True,7
COV2-2677_400,370,0.5242,0.508,sensitive,0.015805,3.096,0.079025,True,0.15480000000000002,True,0,True,False,True,7
COV2-2677_400,371,0.2935,0.272,sensitive,0.015805,3.096,0.079025,True,0.15480000000000002,True,0,True,False,True,7
COV2-2677_400,372,0.5918,0.3,sensitive,0.015805,3.096,0.079025,True,0.15480000000000002,True,0,True,False,True,7
COV2-2677_400,374,0.6498,0.3257,sensitive,0.015805,3.096,0.079025,True,0.15480000000000002,True,0,True,False,True,7
COV2-2677_400,378,3.096,0.4904,sensitive,0.015805,3.096,0.079025,True,0.15480000000000002,True,0,True,False,True,7
COV2-2677_400,384,2.752,0.6092,sensitive,0.015805,3.096,0.079025,True,0.15480000000000002,True,0,True,False,True,7
COV2-2832_400,475,0.3397,0.2112,sensitive,0.023645,3.2239999999999998,0.118225,True,0.1612,True,0,True,False,True,5
COV2-2832_400,484,0.4752,0.1427,sensitive,0.023645,3.2239999999999998,0.118225,True,0.1612,True,0,True,False,True,5
COV2-2832_400,485,0.2445,0.2273,sensitive,0.023645,3.2239999999999998,0.118225,True,0.1612,True,0,True,False,True,5
COV2-2832_400,486,3.2239999999999998,0.5769,sensitive,0.023645,3.2239999999999998,0.118225,True,0.1612,True,0,True,False,True,5
COV2-2832_400,487,1.301,0.248,sensitive,0.023645,3.2239999999999998,0.118225,True,0.1612,True,0,True,False,True,5
CR3022_400,366,0.6379,0.1154,sensitive,0.074495,1.38,0.372475,True,0.06899999999999999,True,0,True,False,True,12
CR3022_400,374,0.4155,0.1224,sensitive,0.074495,1.38,0.372475,True,0.06899999999999999,True,0,True,False,True,12
CR3022_400,376,0.4698,0.1274,sensitive,0.074495,1.38,0.372475,True,0.06899999999999999,True,0,True,False,True,12
CR3022_400,378,1.38,0.1672,sensitive,0.074495,1.38,0.372475,True,0.06899999999999999,True,0,True,False,True,12
CR3022_400,382,0.3851,0.1478,sensitive,0.074495,1.38,0.372475,True,0.06899999999999999,True,0,True,False,True,12
CR3022_400,383,1.281,0.2837,sensitive,0.074495,1.38,0.372475,True,0.06899999999999999,True,0,True,False,True,12
CR3022_400,384,0.4005,0.1055,sensitive,0.074495,1.38,0.372475,True,0.06899999999999999,True,0,True,False,True,12
CR3022_400,386,0.6535,0.1706,sensitive,0.074495,1.38,0.372475,True,0.06899999999999999,True,0,True,False,True,12
CR3022_400,392,0.72,0.1185,sensitive,0.074495,1.38,0.372475,True,0.06899999999999999,True,0,True,False,True,12
CR3022_400,393,0.4843,0.28800000000000003,sensitive,0.074495,1.38,0.372475,True,0.06899999999999999,True,0,True,False,True,12
CR3022_400,430,0.4117,0.1395,sensitive,0.074495,1.38,0.372475,True,0.06899999999999999,True,0,True,False,True,12
CR3022_400,434,0.6357,0.4076,sensitive,0.074495,1.38,0.372475,True,0.06899999999999999,True,0,True,False,True,12
LY-CoV555_400,452,4.015,0.9798,sensitive,0.02311,16.81,0.11554999999999999,True,0.8405,True,0,True,False,True,9
LY-CoV555_400,472,3.1889999999999996,0.9519,sensitive,0.02311,16.81,0.11554999999999999,True,0.8405,True,0,True,False,True,9
LY-CoV555_400,483,5.667000000000001,0.9396,sensitive,0.02311,16.81,0.11554999999999999,True,0.8405,True,0,True,False,True,9
LY-CoV555_400,484,16.81,0.9925,sensitive,0.02311,16.81,0.11554999999999999,True,0.8405,True,0,True,False,True,9
LY-CoV555_400,485,5.849,0.9558,sensitive,0.02311,16.81,0.11554999999999999,True,0.8405,True,0,True,False,True,9
LY-CoV555_400,486,4.3660000000000005,0.8781,sensitive,0.02311,16.81,0.11554999999999999,True,0.8405,True,0,True,False,True,9
LY-CoV555_400,490,10.2,0.9857,sensitive,0.02311,16.81,0.11554999999999999,True,0.8405,True,0,True,False,True,9
LY-CoV555_400,493,4.654,0.9833,sensitive,0.02311,16.81,0.11554999999999999,True,0.8405,True,0,True,False,True,9
LY-CoV555_400,494,5.502000000000001,0.981,sensitive,0.02311,16.81,0.11554999999999999,True,0.8405,True,0,True,False,True,9
REGN10933_400,417,4.572,0.826,sensitive,0.041335,14.34,0.206675,True,0.7170000000000001,True,0,True,False,True,13
REGN10933_400,453,4.107,0.6988,sensitive,0.041335,14.34,0.206675,True,0.7170000000000001,True,0,True,False,True,13
REGN10933_400,455,6.7860000000000005,0.9849,sensitive,0.041335,14.34,0.206675,True,0.7170000000000001,True,0,True,False,True,13
REGN10933_400,456,1.413,0.6587,sensitive,0.041335,14.34,0.206675,True,0.7170000000000001,True,0,True,False,True,13
REGN10933_400,472,0.7865,0.4321,sensitive,0.041335,14.34,0.206675,True,0.7170000000000001,True,0,True,False,True,13
REGN10933_400,475,1.83,0.9129999999999999,sensitive,0.041335,14.34,0.206675,True,0.7170000000000001,True,0,True,False,True,13
REGN10933_400,476,2.8689999999999998,0.8953,sensitive,0.041335,14.34,0.206675,True,0.7170000000000001,True,0,True,False,True,13
REGN10933_400,484,2.997,0.5521,sensitive,0.041335,14.34,0.206675,True,0.7170000000000001,True,0,True,False,True,13
REGN10933_400,485,1.209,0.8879,sensitive,0.041335,14.34,0.206675,True,0.7170000000000001,True,0,True,False,True,13
REGN10933_400,486,14.34,0.9890000000000001,sensitive,0.041335,14.34,0.206675,True,0.7170000000000001,True,0,True,False,True,13
REGN10933_400,487,7.343,0.9595,sensitive,0.041335,14.34,0.206675,True,0.7170000000000001,True,0,True,False,True,13
REGN10933_400,489,5.5360000000000005,0.9431,sensitive,0.041335,14.34,0.206675,True,0.7170000000000001,True,0,True,False,True,13
REGN10933_400,493,4.9639999999999995,0.7946,sensitive,0.041335,14.34,0.206675,True,0.7170000000000001,True,0,True,False,True,13
REGN10987_400,439,2.15,0.8291,sensitive,0.032119999999999996,17.3,0.16059999999999997,True,0.8650000000000001,True,0,True,False,True,10
REGN10987_400,440,6.528,0.9556,sensitive,0.032119999999999996,17.3,0.16059999999999997,True,0.8650000000000001,True,0,True,False,True,10
REGN10987_400,443,2.081,0.8212,sensitive,0.032119999999999996,17.3,0.16059999999999997,True,0.8650000000000001,True,0,True,False,True,10
REGN10987_400,444,17.3,0.985,sensitive,0.032119999999999996,17.3,0.16059999999999997,True,0.8650000000000001,True,0,True,False,True,10
REGN10987_400,445,16.46,1.0,sensitive,0.032119999999999996,17.3,0.16059999999999997,True,0.8650000000000001,True,0,True,False,True,10
REGN10987_400,446,17.06,0.9867,sensitive,0.032119999999999996,17.3,0.16059999999999997,True,0.8650000000000001,True,0,True,False,True,10
REGN10987_400,447,12.13,0.9683,sensitive,0.032119999999999996,17.3,0.16059999999999997,True,0.8650000000000001,True,0,True,False,True,10
REGN10987_400,448,7.105,0.9084,sensitive,0.032119999999999996,17.3,0.16059999999999997,True,0.8650000000000001,True,0,True,False,True,10
REGN10987_400,450,1.8780000000000001,0.9709,sensitive,0.032119999999999996,17.3,0.16059999999999997,True,0.8650000000000001,True,0,True,False,True,10
REGN10987_400,499,8.202,0.9881,sensitive,0.032119999999999996,17.3,0.16059999999999997,True,0.8650000000000001,True,0,True,False,True,10
S2D106_68,456,1.995,0.5587,sensitive,0.36324999999999996,11.42,1.8162499999999997,True,0.5710000000000001,True,0,True,False,True,4
S2D106_68,484,11.42,1.0,sensitive,0.36324999999999996,11.42,1.8162499999999997,True,0.5710000000000001,True,0,True,False,True,4
S2D106_68,486,2.077,0.9444,sensitive,0.36324999999999996,11.42,1.8162499999999997,True,0.5710000000000001,True,0,True,False,True,4
S2D106_68,490,7.565,1.0,sensitive,0.36324999999999996,11.42,1.8162499999999997,True,0.5710000000000001,True,0,True,False,True,4
S2E12_56,456,2.636,0.9542,sensitive,0.5085500000000001,17.07,2.5427500000000003,True,0.8535,True,0,True,False,True,9
S2E12_56,472,3.563,0.9964,sensitive,0.5085500000000001,17.07,2.5427500000000003,True,0.8535,True,0,True,False,True,9
S2E12_56,475,4.6339999999999995,0.9962,sensitive,0.5085500000000001,17.07,2.5427500000000003,True,0.8535,True,0,True,False,True,9
S2E12_56,476,8.009,0.9965,sensitive,0.5085500000000001,17.07,2.5427500000000003,True,0.8535,True,0,True,False,True,9
S2E12_56,484,5.202000000000001,0.9463,sensitive,0.5085500000000001,17.07,2.5427500000000003,True,0.8535,True,0,True,False,True,9
S2E12_56,485,3.7319999999999998,0.9937,sensitive,0.5085500000000001,17.07,2.5427500000000003,True,0.8535,True,0,True,False,True,9
S2E12_56,486,17.07,1.0,sensitive,0.5085500000000001,17.07,2.5427500000000003,True,0.8535,True,0,True,False,True,9
S2E12_56,487,13.77,0.9994,sensitive,0.5085500000000001,17.07,2.5427500000000003,True,0.8535,True,0,True,False,True,9
S2E12_56,489,7.662999999999999,0.9959,sensitive,0.5085500000000001,17.07,2.5427500000000003,True,0.8535,True,0,True,False,True,9
S2H13_56,446,0.98,0.624,sensitive,0.02978,17.16,0.1489,True,0.8580000000000001,True,0,True,False,True,15
S2H13_56,449,2.887,0.9540000000000001,sensitive,0.02978,17.16,0.1489,True,0.8580000000000001,True,0,True,False,True,15
S2H13_56,450,1.052,0.9465,sensitive,0.02978,17.16,0.1489,True,0.8580000000000001,True,0,True,False,True,15
S2H13_56,456,3.926,0.9741,sensitive,0.02978,17.16,0.1489,True,0.8580000000000001,True,0,True,False,True,15
S2H13_56,472,11.99,1.0,sensitive,0.02978,17.16,0.1489,True,0.8580000000000001,True,0,True,False,True,15
S2H13_56,473,8.408,0.9518,sensitive,0.02978,17.16,0.1489,True,0.8580000000000001,True,0,True,False,True,15
S2H13_56,476,0.9427,0.4619,sensitive,0.02978,17.16,0.1489,True,0.8580000000000001,True,0,True,False,True,15
S2H13_56,481,4.76,0.8817,sensitive,0.02978,17.16,0.1489,True,0.8580000000000001,True,0,True,False,True,15
S2H13_56,482,1.571,0.7175,sensitive,0.02978,17.16,0.1489,True,0.8580000000000001,True,0,True,False,True,15
S2H13_56,483,15.89,0.9921,sensitive,0.02978,17.16,0.1489,True,0.8580000000000001,True,0,True,False,True,15
S2H13_56,484,17.16,0.9909,sensitive,0.02978,17.16,0.1489,True,0.8580000000000001,True,0,True,False,True,15
S2H13_56,485,11.62,0.9859,sensitive,0.02978,17.16,0.1489,True,0.8580000000000001,True,0,True,False,True,15
S2H13_56,486,14.14,0.9822,sensitive,0.02978,17.16,0.1489,True,0.8580000000000001,True,0,True,False,True,15
S2H13_56,487,2.716,0.8615,sensitive,0.02978,17.16,0.1489,True,0.8580000000000001,True,0,True,False,True,15
S2H13_56,490,8.785,0.953,sensitive,0.02978,17.16,0.1489,True,0.8580000000000001,True,0,True,False,True,15
S2H14_105,403,1.952,0.992,sensitive,0.024319999999999998,16.26,0.12159999999999999,True,0.8130000000000002,True,0,True,False,True,15
S2H14_105,406,0.8596,0.8565,sensitive,0.024319999999999998,16.26,0.12159999999999999,True,0.8130000000000002,True,0,True,False,True,15
S2H14_105,417,2.5469999999999997,0.9556,sensitive,0.024319999999999998,16.26,0.12159999999999999,True,0.8130000000000002,True,0,True,False,True,15
S2H14_105,449,13.27,0.9934,sensitive,0.024319999999999998,16.26,0.12159999999999999,True,0.8130000000000002,True,0,True,False,True,15
S2H14_105,455,8.125,0.9729,sensitive,0.024319999999999998,16.26,0.12159999999999999,True,0.8130000000000002,True,0,True,False,True,15
S2H14_105,456,5.71,0.9987,sensitive,0.024319999999999998,16.26,0.12159999999999999,True,0.8130000000000002,True,0,True,False,True,15
S2H14_105,473,1.31,0.4888,sensitive,0.024319999999999998,16.26,0.12159999999999999,True,0.8130000000000002,True,0,True,False,True,15
S2H14_105,489,4.323,0.9842,sensitive,0.024319999999999998,16.26,0.12159999999999999,True,0.8130000000000002,True,0,True,False,True,15
S2H14_105,496,10.61,0.9904,sensitive,0.024319999999999998,16.26,0.12159999999999999,True,0.8130000000000002,True,0,True,False,True,15
S2H14_105,498,10.71,0.9842,sensitive,0.024319999999999998,16.26,0.12159999999999999,True,0.8130000000000002,True,0,True,False,True,15
S2H14_105,499,1.061,0.8711,sensitive,0.024319999999999998,16.26,0.12159999999999999,True,0.8130000000000002,True,0,True,False,True,15
S2H14_105,500,16.26,1.0,sensitive,0.024319999999999998,16.26,0.12159999999999999,True,0.8130000000000002,True,0,True,False,True,15
S2H14_105,501,14.66,0.9936,sensitive,0.024319999999999998,16.26,0.12159999999999999,True,0.8130000000000002,True,0,True,False,True,15
S2H14_105,503,0.8694,0.8326,sensitive,0.024319999999999998,16.26,0.12159999999999999,True,0.8130000000000002,True,0,True,False,True,15
S2H14_105,505,0.9458,0.9245,sensitive,0.024319999999999998,16.26,0.12159999999999999,True,0.8130000000000002,True,0,True,False,True,15
S2H58_46,472,3.406,0.9859,sensitive,0.3376,18.75,1.6880000000000002,True,0.9375,True,0,True,False,True,7
S2H58_46,484,18.75,1.0,sensitive,0.3376,18.75,1.6880000000000002,True,0.9375,True,0,True,False,True,7
S2H58_46,485,2.004,0.9844,sensitive,0.3376,18.75,1.6880000000000002,True,0.9375,True,0,True,False,True,7
S2H58_46,486,17.01,1.0,sensitive,0.3376,18.75,1.6880000000000002,True,0.9375,True,0,True,False,True,7
S2H58_46,487,5.992999999999999,0.997,sensitive,0.3376,18.75,1.6880000000000002,True,0.9375,True,0,True,False,True,7
S2H58_46,489,4.073,0.9953,sensitive,0.3376,18.75,1.6880000000000002,True,0.9375,True,0,True,False,True,7
S2H58_46,490,8.494,0.9978,sensitive,0.3376,18.75,1.6880000000000002,True,0.9375,True,0,True,False,True,7
S2H97_58,393,0.3568,0.06241,sensitive,0.05865,4.166,0.29325,True,0.20830000000000004,True,0,True,False,True,9
S2H97_58,394,0.6844,0.5114,sensitive,0.05865,4.166,0.29325,True,0.20830000000000004,True,0,True,False,True,9
S2H97_58,396,1.216,0.5295,sensitive,0.05865,4.166,0.29325,True,0.20830000000000004,True,0,True,False,True,9
S2H97_58,428,1.01,0.5109,sensitive,0.05865,4.166,0.29325,True,0.20830000000000004,True,0,True,False,True,9
S2H97_58,462,1.745,0.5577,sensitive,0.05865,4.166,0.29325,True,0.20830000000000004,True,0,True,False,True,9
S2H97_58,514,2.28,0.5432,sensitive,0.05865,4.166,0.29325,True,0.20830000000000004,True,0,True,False,True,9
S2H97_58,516,2.84,0.5466,sensitive,0.05865,4.166,0.29325,True,0.20830000000000004,True,0,True,False,True,9
S2H97_58,518,4.166,0.8540000000000001,sensitive,0.05865,4.166,0.29325,True,0.20830000000000004,True,0,True,False,True,9
S2H97_58,520,0.3528,0.09433,sensitive,0.05865,4.166,0.29325,True,0.20830000000000004,True,0,True,False,True,9
S2X16_54,417,3.112,0.9948,sensitive,0.080395,18.35,0.40197499999999997,True,0.9175000000000001,True,0,True,False,True,12
S2X16_54,455,5.621,0.9903,sensitive,0.080395,18.35,0.40197499999999997,True,0.9175000000000001,True,0,True,False,True,12
S2X16_54,456,12.61,0.9935,sensitive,0.080395,18.35,0.40197499999999997,True,0.9175000000000001,True,0,True,False,True,12
S2X16_54,472,6.766,0.991,sensitive,0.080395,18.35,0.40197499999999997,True,0.9175000000000001,True,0,True,False,True,12
S2X16_54,473,10.06,0.9974,sensitive,0.080395,18.35,0.40197499999999997,True,0.9175000000000001,True,0,True,False,True,12
S2X16_54,475,10.58,0.9988,sensitive,0.080395,18.35,0.40197499999999997,True,0.9175000000000001,True,0,True,False,True,12
S2X16_54,484,18.35,1.0,sensitive,0.080395,18.35,0.40197499999999997,True,0.9175000000000001,True,0,True,False,True,12
S2X16_54,485,1.5,0.9914,sensitive,0.080395,18.35,0.40197499999999997,True,0.9175000000000001,True,0,True,False,True,12
S2X16_54,486,16.45,1.0,sensitive,0.080395,18.35,0.40197499999999997,True,0.9175000000000001,True,0,True,False,True,12
S2X16_54,487,13.73,1.0,sensitive,0.080395,18.35,0.40197499999999997,True,0.9175000000000001,True,0,True,False,True,12
S2X16_54,489,6.83,0.9892,sensitive,0.080395,18.35,0.40197499999999997,True,0.9175000000000001,True,0,True,False,True,12
S2X16_54,493,4.967,0.9985,sensitive,0.080395,18.35,0.40197499999999997,True,0.9175000000000001,True,0,True,False,True,12
S2X227_138,440,0.7521,0.6583,sensitive,0.02187,14.92,0.10935,True,0.746,True,0,True,False,True,6
S2X227_138,443,3.466,0.9704,sensitive,0.02187,14.92,0.10935,True,0.746,True,0,True,False,True,6
S2X227_138,444,0.9189,0.8869,sensitive,0.02187,14.92,0.10935,True,0.746,True,0,True,False,True,6
S2X227_138,445,10.68,0.9872,sensitive,0.02187,14.92,0.10935,True,0.746,True,0,True,False,True,6
S2X227_138,446,14.92,0.9831,sensitive,0.02187,14.92,0.10935,True,0.746,True,0,True,False,True,6
S2X227_138,499,5.72,0.9526,sensitive,0.02187,14.92,0.10935,True,0.746,True,0,True,False,True,6
S2X259_59,374,1.248,0.8807,sensitive,0.018145,12.46,0.090725,True,0.6230000000000001,True,0,True,False,True,5
S2X259_59,378,1.7819999999999998,0.8868,sensitive,0.018145,12.46,0.090725,True,0.6230000000000001,True,0,True,False,True,5
S2X259_59,384,1.258,0.7836,sensitive,0.018145,12.46,0.090725,True,0.6230000000000001,True,0,True,False,True,5
S2X259_59,408,2.917,0.846,sensitive,0.018145,12.46,0.090725,True,0.6230000000000001,True,0,True,False,True,5
S2X259_59,504,12.46,0.9644,sensitive,0.018145,12.46,0.090725,True,0.6230000000000001,True,0,True,False,True,5
S2X35_70,376,5.28,0.9932,sensitive,0.66765,18.09,3.33825,True,0.9045000000000001,True,0,True,False,True,3
S2X35_70,408,4.909,0.9139,sensitive,0.66765,18.09,3.33825,True,0.9045000000000001,True,0,True,False,True,3
S2X35_70,504,18.09,1.0,sensitive,0.66765,18.09,3.33825,True,0.9045000000000001,True,0,True,False,True,3
S2X58_18,346,4.095,0.9954,sensitive,0.5112,14.85,2.556,True,0.7425,True,0,True,False,True,8
S2X58_18,447,2.9,0.6993,sensitive,0.5112,14.85,2.556,True,0.7425,True,0,True,False,True,8
S2X58_18,449,4.442,0.9981,sensitive,0.5112,14.85,2.556,True,0.7425,True,0,True,False,True,8
S2X58_18,450,14.85,0.9976,sensitive,0.5112,14.85,2.556,True,0.7425,True,0,True,False,True,8
S2X58_18,452,5.324,0.9978,sensitive,0.5112,14.85,2.556,True,0.7425,True,0,True,False,True,8
S2X58_18,484,14.44,0.9956,sensitive,0.5112,14.85,2.556,True,0.7425,True,0,True,False,True,8
S2X58_18,490,13.98,0.9979,sensitive,0.5112,14.85,2.556,True,0.7425,True,0,True,False,True,8
S2X58_18,494,10.34,0.9916,sensitive,0.5112,14.85,2.556,True,0.7425,True,0,True,False,True,8
S304_46,381,4.523,0.9897,sensitive,0.26925,16.45,1.34625,True,0.8225,True,0,True,False,True,5
S304_46,383,6.876,0.9784,sensitive,0.26925,16.45,1.34625,True,0.8225,True,0,True,False,True,5
S304_46,384,3.28,0.9501,sensitive,0.26925,16.45,1.34625,True,0.8225,True,0,True,False,True,5
S304_46,385,16.45,0.9979,sensitive,0.26925,16.45,1.34625,True,0.8225,True,0,True,False,True,5
S304_46,386,7.736000000000001,0.9814,sensitive,0.26925,16.45,1.34625,True,0.8225,True,0,True,False,True,5
S309_421,337,13.61,1.0,sensitive,0.5629500000000001,13.61,2.81475,True,0.6805,True,0,True,False,True,3
S309_421,340,10.87,0.9989,sensitive,0.5629500000000001,13.61,2.81475,True,0.6805,True,0,True,False,True,3
S309_421,361,2.898,0.9857,sensitive,0.5629500000000001,13.61,2.81475,True,0.6805,True,0,True,False,True,3
CB6_400,405,2.161,0.9846,sensitive_max_mut,0.044215000000000004,17.82,0.22107500000000002,True,0.891,True,0,True,True,True,20
CB6_400,415,0.9903,0.6932,sensitive_max_mut,0.044215000000000004,17.82,0.22107500000000002,True,0.891,True,0,True,True,True,20
CB6_400,417,17.82,0.9988,sensitive_max_mut,0.044215000000000004,17.82,0.22107500000000002,True,0.891,True,0,True,True,True,20
CB6_400,420,7.817,0.9939,sensitive_max_mut,0.044215000000000004,17.82,0.22107500000000002,True,0.891,True,0,True,True,True,20
CB6_400,421,1.926,0.985,sensitive_max_mut,0.044215000000000004,17.82,0.22107500000000002,True,0.891,True,0,True,True,True,20
CB6_400,455,4.655,0.9909,sensitive_max_mut,0.044215000000000004,17.82,0.22107500000000002,True,0.891,True,0,True,True,True,20
CB6_400,456,8.838,0.9962,sensitive_max_mut,0.044215000000000004,17.82,0.22107500000000002,True,0.891,True,0,True,True,True,20
CB6_400,459,0.6582,0.6079,sensitive_max_mut,0.044215000000000004,17.82,0.22107500000000002,True,0.891,False,0,True,True,True,20
CB6_400,460,15.84,0.9938,sensitive_max_mut,0.044215000000000004,17.82,0.22107500000000002,True,0.891,True,0,True,True,True,20
CB6_400,472,3.6010000000000004,0.9758,sensitive_max_mut,0.044215000000000004,17.82,0.22107500000000002,True,0.891,True,0,True,True,True,20
CB6_400,473,10.25,0.9861,sensitive_max_mut,0.044215000000000004,17.82,0.22107500000000002,True,0.891,True,0,True,True,True,20
CB6_400,475,10.26,0.9934,sensitive_max_mut,0.044215000000000004,17.82,0.22107500000000002,True,0.891,True,0,True,True,True,20
CB6_400,476,3.555,0.9669,sensitive_max_mut,0.044215000000000004,17.82,0.22107500000000002,True,0.891,True,0,True,True,True,20
CB6_400,485,0.9733,0.879,sensitive_max_mut,0.044215000000000004,17.82,0.22107500000000002,True,0.891,True,0,True,True,True,20
CB6_400,486,4.612,0.8869,sensitive_max_mut,0.044215000000000004,17.82,0.22107500000000002,True,0.891,True,0,True,True,True,20
CB6_400,487,12.25,0.9922,sensitive_max_mut,0.044215000000000004,17.82,0.22107500000000002,True,0.891,True,0,True,True,True,20
CB6_400,489,6.859,0.993,sensitive_max_mut,0.044215000000000004,17.82,0.22107500000000002,True,0.891,True,0,True,True,True,20
CB6_400,493,1.1440000000000001,0.5820000000000001,sensitive_max_mut,0.044215000000000004,17.82,0.22107500000000002,True,0.891,True,0,True,True,True,20
CB6_400,501,1.443,0.5011,sensitive_max_mut,0.044215000000000004,17.82,0.22107500000000002,True,0.891,True,0,True,True,True,20
CB6_400,504,6.257999999999999,0.9081,sensitive_max_mut,0.044215000000000004,17.82,0.22107500000000002,True,0.891,True,0,True,True,True,20
COV2-2050_400,484,3.9619999999999997,0.3596,sensitive_max_mut,0.020205,3.9619999999999997,0.101025,True,0.1981,True,0,True,False,True,4
COV2-2050_400,485,0.2864,0.2622,sensitive_max_mut,0.020205,3.9619999999999997,0.101025,True,0.1981,True,0,True,False,True,4
COV2-2050_400,489,0.4936,0.2231,sensitive_max_mut,0.020205,3.9619999999999997,0.101025,True,0.1981,True,0,True,False,True,4
COV2-2050_400,490,0.8722,0.3142,sensitive_max_mut,0.020205,3.9619999999999997,0.101025,True,0.1981,True,0,True,False,True,4
COV2-2082_400,376,1.274,0.7191,sensitive_max_mut,0.037195,2.5580000000000003,0.185975,True,0.1279,True,0,True,True,True,4
COV2-2082_400,378,2.5580000000000003,0.4909,sensitive_max_mut,0.037195,2.5580000000000003,0.185975,True,0.1279,True,0,True,False,True,4
COV2-2082_400,408,0.4358,0.3981,sensitive_max_mut,0.037195,2.5580000000000003,0.185975,True,0.1279,True,0,True,False,True,4
COV2-2082_400,417,2.275,0.6431,sensitive_max_mut,0.037195,2.5580000000000003,0.185975,True,0.1279,True,0,True,True,True,4
COV2-2094_400,376,0.56,0.1566,sensitive_max_mut,0.02134,2.258,0.1067,True,0.1129,True,0,True,False,True,4
COV2-2094_400,378,2.258,0.4236,sensitive_max_mut,0.02134,2.258,0.1067,True,0.1129,True,0,True,False,True,4
COV2-2094_400,408,0.192,0.08574,sensitive_max_mut,0.02134,2.258,0.1067,True,0.1129,True,0,True,False,True,4
COV2-2094_400,417,0.5565,0.1889,sensitive_max_mut,0.02134,2.258,0.1067,True,0.1129,True,0,True,False,True,4
COV2-2096_400,346,0.3122,0.1266,sensitive_max_mut,0.01517,4.218,0.07585,True,0.2109,True,0,True,False,True,10
COV2-2096_400,446,0.8437,0.1761,sensitive_max_mut,0.01517,4.218,0.07585,True,0.2109,True,0,True,False,True,10
COV2-2096_400,447,1.304,0.2,sensitive_max_mut,0.01517,4.218,0.07585,True,0.2109,True,0,True,False,True,10
COV2-2096_400,448,1.3330000000000002,0.2726,sensitive_max_mut,0.01517,4.218,0.07585,True,0.2109,True,0,True,False,True,10
COV2-2096_400,449,0.6332,0.2159,sensitive_max_mut,0.01517,4.218,0.07585,True,0.2109,True,0,True,False,True,10
COV2-2096_400,450,2.017,0.3044,sensitive_max_mut,0.01517,4.218,0.07585,True,0.2109,True,0,True,False,True,10
COV2-2096_400,452,2.217,0.4329,sensitive_max_mut,0.01517,4.218,0.07585,True,0.2109,True,0,True,False,True,10
COV2-2096_400,484,0.7871,0.1678,sensitive_max_mut,0.01517,4.218,0.07585,True,0.2109,True,0,True,False,True,10
COV2-2096_400,490,4.218,0.3765,sensitive_max_mut,0.01517,4.218,0.07585,True,0.2109,True,0,True,False,True,10
COV2-2096_400,494,0.3588,0.217,sensitive_max_mut,0.01517,4.218,0.07585,True,0.2109,True,0,True,False,True,10
COV2-2130_400,346,13.13,0.9437,sensitive_max_mut,0.021054999999999997,18.33,0.10527499999999998,True,0.9165,True,0,True,True,True,10
COV2-2130_400,406,0.8245,0.8208,sensitive_max_mut,0.021054999999999997,18.33,0.10527499999999998,True,0.9165,False,0,True,True,True,10
COV2-2130_400,444,18.33,0.993,sensitive_max_mut,0.021054999999999997,18.33,0.10527499999999998,True,0.9165,True,0,True,True,True,10
COV2-2130_400,445,2.583,0.9803,sensitive_max_mut,0.021054999999999997,18.33,0.10527499999999998,True,0.9165,True,0,True,True,True,10
COV2-2130_400,446,2.287,0.9847,sensitive_max_mut,0.021054999999999997,18.33,0.10527499999999998,True,0.9165,True,0,True,True,True,10
COV2-2130_400,447,12.49,0.9852,sensitive_max_mut,0.021054999999999997,18.33,0.10527499999999998,True,0.9165,True,0,True,True,True,10
COV2-2130_400,448,7.732,0.9796,sensitive_max_mut,0.021054999999999997,18.33,0.10527499999999998,True,0.9165,True,0,True,True,True,10
COV2-2130_400,449,3.536,0.9706,sensitive_max_mut,0.021054999999999997,18.33,0.10527499999999998,True,0.9165,True,0,True,True,True,10
COV2-2130_400,450,2.6210000000000004,0.9588,sensitive_max_mut,0.021054999999999997,18.33,0.10527499999999998,True,0.9165,True,0,True,True,True,10
COV2-2130_400,494,2.194,0.9475,sensitive_max_mut,0.021054999999999997,18.33,0.10527499999999998,True,0.9165,True,0,True,True,True,10
COV2-2165_400,420,0.4239,0.2957,sensitive_max_mut,0.02561,0.8314,0.12805,True,0.04157,True,0,True,False,True,4
COV2-2165_400,456,0.2626,0.09283999999999999,sensitive_max_mut,0.02561,0.8314,0.12805,True,0.04157,True,0,True,False,True,4
COV2-2165_400,475,0.36,0.1189,sensitive_max_mut,0.02561,0.8314,0.12805,True,0.04157,True,0,True,False,True,4
COV2-2165_400,487,0.8314,0.4588,sensitive_max_mut,0.02561,0.8314,0.12805,True,0.04157,True,0,True,False,True,4
COV2-2196_400,472,1.42,0.6045,sensitive_max_mut,0.2203,14.32,1.1015,True,0.7160000000000001,True,0,True,True,True,7
COV2-2196_400,475,2.21,0.9291,sensitive_max_mut,0.2203,14.32,1.1015,True,0.7160000000000001,True,0,True,True,True,7
COV2-2196_400,476,7.3020000000000005,0.9865,sensitive_max_mut,0.2203,14.32,1.1015,True,0.7160000000000001,True,0,True,True,True,7
COV2-2196_400,485,1.865,0.9994,sensitive_max_mut,0.2203,14.32,1.1015,True,0.7160000000000001,True,0,True,True,True,7
COV2-2196_400,486,14.32,0.9994,sensitive_max_mut,0.2203,14.32,1.1015,True,0.7160000000000001,True,0,True,True,True,7
COV2-2196_400,487,10.63,0.9961,sensitive_max_mut,0.2203,14.32,1.1015,True,0.7160000000000001,True,0,True,True,True,7
COV2-2196_400,489,4.3919999999999995,0.9548,sensitive_max_mut,0.2203,14.32,1.1015,True,0.7160000000000001,True,0,True,True,True,7
COV2-2479_400,369,0.06357,0.04825,sensitive_max_mut,0.010995,0.7676,0.054974999999999996,True,0.03838,True,0,True,False,True,7
COV2-2479_400,472,0.06264,0.03485,sensitive_max_mut,0.010995,0.7676,0.054974999999999996,True,0.03838,True,0,True,False,True,7
COV2-2479_400,483,0.058710000000000005,0.042769999999999996,sensitive_max_mut,0.010995,0.7676,0.054974999999999996,True,0.03838,True,0,True,False,True,7
COV2-2479_400,484,0.7676,0.1072,sensitive_max_mut,0.010995,0.7676,0.054974999999999996,True,0.03838,True,0,True,False,True,7
COV2-2479_400,485,0.1896,0.179,sensitive_max_mut,0.010995,0.7676,0.054974999999999996,True,0.03838,True,0,True,False,True,7
COV2-2479_400,490,0.4985,0.2025,sensitive_max_mut,0.010995,0.7676,0.054974999999999996,True,0.03838,True,0,True,False,True,7
COV2-2479_400,499,0.07829,0.052289999999999996,sensitive_max_mut,0.010995,0.7676,0.054974999999999996,True,0.03838,True,0,True,False,True,7
COV2-2499_400,443,1.9680000000000002,0.6235,sensitive_max_mut,0.037309999999999996,7.796,0.18655,True,0.38980000000000004,True,0,True,True,True,11
COV2-2499_400,445,4.916,0.6351,sensitive_max_mut,0.037309999999999996,7.796,0.18655,True,0.38980000000000004,True,0,True,True,True,11
COV2-2499_400,446,6.1370000000000005,0.65,sensitive_max_mut,0.037309999999999996,7.796,0.18655,True,0.38980000000000004,True,0,True,True,True,11
COV2-2499_400,447,7.579,0.645,sensitive_max_mut,0.037309999999999996,7.796,0.18655,True,0.38980000000000004,True,0,True,True,True,11
COV2-2499_400,448,0.5058,0.2835,sensitive_max_mut,0.037309999999999996,7.796,0.18655,True,0.38980000000000004,True,0,True,False,True,11
COV2-2499_400,449,1.615,0.2303,sensitive_max_mut,0.037309999999999996,7.796,0.18655,True,0.38980000000000004,True,0,True,False,True,11
COV2-2499_400,496,7.796,0.6809999999999999,sensitive_max_mut,0.037309999999999996,7.796,0.18655,True,0.38980000000000004,True,0,True,True,True,11
COV2-2499_400,498,6.37,0.6154,sensitive_max_mut,0.037309999999999996,7.796,0.18655,True,0.38980000000000004,True,0,True,True,True,11
COV2-2499_400,499,1.656,0.3411,sensitive_max_mut,0.037309999999999996,7.796,0.18655,True,0.38980000000000004,True,0,True,False,True,11
COV2-2499_400,500,4.763999999999999,0.5756,sensitive_max_mut,0.037309999999999996,7.796,0.18655,True,0.38980000000000004,True,0,True,True,True,11
COV2-2499_400,501,0.5019,0.1518,sensitive_max_mut,0.037309999999999996,7.796,0.18655,True,0.38980000000000004,True,0,True,False,True,11
COV2-2677_400,369,0.8481,0.3515,sensitive_max_mut,0.015805,3.096,0.079025,True,0.15480000000000002,True,0,True,False,True,7
COV2-2677_400,370,0.5242,0.508,sensitive_max_mut,0.015805,3.096,0.079025,True,0.15480000000000002,True,0,True,True,True,7
COV2-2677_400,371,0.2935,0.272,sensitive_max_mut,0.015805,3.096,0.079025,True,0.15480000000000002,True,0,True,False,True,7
COV2-2677_400,372,0.5918,0.3,sensitive_max_mut,0.015805,3.096,0.079025,True,0.15480000000000002,True,0,True,False,True,7
COV2-2677_400,374,0.6498,0.3257,sensitive_max_mut,0.015805,3.096,0.079025,True,0.15480000000000002,True,0,True,False,True,7
COV2-2677_400,378,3.096,0.4904,sensitive_max_mut,0.015805,3.096,0.079025,True,0.15480000000000002,True,0,True,False,True,7
COV2-2677_400,384,2.752,0.6092,sensitive_max_mut,0.015805,3.096,0.079025,True,0.15480000000000002,True,0,True,True,True,7
COV2-2832_400,475,0.3397,0.2112,sensitive_max_mut,0.023645,3.2239999999999998,0.118225,True,0.1612,True,0,True,False,True,5
COV2-2832_400,484,0.4752,0.1427,sensitive_max_mut,0.023645,3.2239999999999998,0.118225,True,0.1612,True,0,True,False,True,5
COV2-2832_400,485,0.2445,0.2273,sensitive_max_mut,0.023645,3.2239999999999998,0.118225,True,0.1612,True,0,True,False,True,5
COV2-2832_400,486,3.2239999999999998,0.5769,sensitive_max_mut,0.023645,3.2239999999999998,0.118225,True,0.1612,True,0,True,True,True,5
COV2-2832_400,487,1.301,0.248,sensitive_max_mut,0.023645,3.2239999999999998,0.118225,True,0.1612,True,0,True,False,True,5
CR3022_400,366,0.6379,0.1154,sensitive_max_mut,0.074495,1.38,0.372475,True,0.06899999999999999,True,0,True,False,True,12
CR3022_400,374,0.4155,0.1224,sensitive_max_mut,0.074495,1.38,0.372475,True,0.06899999999999999,True,0,True,False,True,12
CR3022_400,376,0.4698,0.1274,sensitive_max_mut,0.074495,1.38,0.372475,True,0.06899999999999999,True,0,True,False,True,12
CR3022_400,378,1.38,0.1672,sensitive_max_mut,0.074495,1.38,0.372475,True,0.06899999999999999,True,0,True,False,True,12
CR3022_400,382,0.3851,0.1478,sensitive_max_mut,0.074495,1.38,0.372475,True,0.06899999999999999,True,0,True,False,True,12
CR3022_400,383,1.281,0.2837,sensitive_max_mut,0.074495,1.38,0.372475,True,0.06899999999999999,True,0,True,False,True,12
CR3022_400,384,0.4005,0.1055,sensitive_max_mut,0.074495,1.38,0.372475,True,0.06899999999999999,True,0,True,False,True,12
CR3022_400,386,0.6535,0.1706,sensitive_max_mut,0.074495,1.38,0.372475,True,0.06899999999999999,True,0,True,False,True,12
CR3022_400,392,0.72,0.1185,sensitive_max_mut,0.074495,1.38,0.372475,True,0.06899999999999999,True,0,True,False,True,12
CR3022_400,393,0.4843,0.28800000000000003,sensitive_max_mut,0.074495,1.38,0.372475,True,0.06899999999999999,True,0,True,False,True,12
CR3022_400,430,0.4117,0.1395,sensitive_max_mut,0.074495,1.38,0.372475,True,0.06899999999999999,True,0,True,False,True,12
CR3022_400,434,0.6357,0.4076,sensitive_max_mut,0.074495,1.38,0.372475,True,0.06899999999999999,True,0,True,False,True,12
LY-CoV555_400,452,4.015,0.9798,sensitive_max_mut,0.02311,16.81,0.11554999999999999,True,0.8405,True,0,True,True,True,9
LY-CoV555_400,472,3.1889999999999996,0.9519,sensitive_max_mut,0.02311,16.81,0.11554999999999999,True,0.8405,True,0,True,True,True,9
LY-CoV555_400,483,5.667000000000001,0.9396,sensitive_max_mut,0.02311,16.81,0.11554999999999999,True,0.8405,True,0,True,True,True,9
LY-CoV555_400,484,16.81,0.9925,sensitive_max_mut,0.02311,16.81,0.11554999999999999,True,0.8405,True,0,True,True,True,9
LY-CoV555_400,485,5.849,0.9558,sensitive_max_mut,0.02311,16.81,0.11554999999999999,True,0.8405,True,0,True,True,True,9
LY-CoV555_400,486,4.3660000000000005,0.8781,sensitive_max_mut,0.02311,16.81,0.11554999999999999,True,0.8405,True,0,True,True,True,9
LY-CoV555_400,490,10.2,0.9857,sensitive_max_mut,0.02311,16.81,0.11554999999999999,True,0.8405,True,0,True,True,True,9
LY-CoV555_400,493,4.654,0.9833,sensitive_max_mut,0.02311,16.81,0.11554999999999999,True,0.8405,True,0,True,True,True,9
LY-CoV555_400,494,5.502000000000001,0.981,sensitive_max_mut,0.02311,16.81,0.11554999999999999,True,0.8405,True,0,True,True,True,9
REGN10933_400,417,4.572,0.826,sensitive_max_mut,0.041335,14.34,0.206675,True,0.7170000000000001,True,0,True,True,True,13
REGN10933_400,453,4.107,0.6988,sensitive_max_mut,0.041335,14.34,0.206675,True,0.7170000000000001,True,0,True,True,True,13
REGN10933_400,455,6.7860000000000005,0.9849,sensitive_max_mut,0.041335,14.34,0.206675,True,0.7170000000000001,True,0,True,True,True,13
REGN10933_400,456,1.413,0.6587,sensitive_max_mut,0.041335,14.34,0.206675,True,0.7170000000000001,True,0,True,True,True,13
REGN10933_400,472,0.7865,0.4321,sensitive_max_mut,0.041335,14.34,0.206675,True,0.7170000000000001,True,0,True,False,True,13
REGN10933_400,475,1.83,0.9129999999999999,sensitive_max_mut,0.041335,14.34,0.206675,True,0.7170000000000001,True,0,True,True,True,13
REGN10933_400,476,2.8689999999999998,0.8953,sensitive_max_mut,0.041335,14.34,0.206675,True,0.7170000000000001,True,0,True,True,True,13
REGN10933_400,484,2.997,0.5521,sensitive_max_mut,0.041335,14.34,0.206675,True,0.7170000000000001,True,0,True,True,True,13
REGN10933_400,485,1.209,0.8879,sensitive_max_mut,0.041335,14.34,0.206675,True,0.7170000000000001,True,0,True,True,True,13
REGN10933_400,486,14.34,0.9890000000000001,sensitive_max_mut,0.041335,14.34,0.206675,True,0.7170000000000001,True,0,True,True,True,13
REGN10933_400,487,7.343,0.9595,sensitive_max_mut,0.041335,14.34,0.206675,True,0.7170000000000001,True,0,True,True,True,13
REGN10933_400,489,5.5360000000000005,0.9431,sensitive_max_mut,0.041335,14.34,0.206675,True,0.7170000000000001,True,0,True,True,True,13
REGN10933_400,493,4.9639999999999995,0.7946,sensitive_max_mut,0.041335,14.34,0.206675,True,0.7170000000000001,True,0,True,True,True,13
REGN10987_400,371,0.573,0.5186,sensitive_max_mut,0.032119999999999996,17.3,0.16059999999999997,True,0.8650000000000001,False,0,True,True,True,12
REGN10987_400,439,2.15,0.8291,sensitive_max_mut,0.032119999999999996,17.3,0.16059999999999997,True,0.8650000000000001,True,0,True,True,True,12
REGN10987_400,440,6.528,0.9556,sensitive_max_mut,0.032119999999999996,17.3,0.16059999999999997,True,0.8650000000000001,True,0,True,True,True,12
REGN10987_400,441,0.7515,0.7340000000000001,sensitive_max_mut,0.032119999999999996,17.3,0.16059999999999997,True,0.8650000000000001,False,0,True,True,True,12
REGN10987_400,443,2.081,0.8212,sensitive_max_mut,0.032119999999999996,17.3,0.16059999999999997,True,0.8650000000000001,True,0,True,True,True,12
REGN10987_400,444,17.3,0.985,sensitive_max_mut,0.032119999999999996,17.3,0.16059999999999997,True,0.8650000000000001,True,0,True,True,True,12
REGN10987_400,445,16.46,1.0,sensitive_max_mut,0.032119999999999996,17.3,0.16059999999999997,True,0.8650000000000001,True,0,True,True,True,12
REGN10987_400,446,17.06,0.9867,sensitive_max_mut,0.032119999999999996,17.3,0.16059999999999997,True,0.8650000000000001,True,0,True,True,True,12
REGN10987_400,447,12.13,0.9683,sensitive_max_mut,0.032119999999999996,17.3,0.16059999999999997,True,0.8650000000000001,True,0,True,True,True,12
REGN10987_400,448,7.105,0.9084,sensitive_max_mut,0.032119999999999996,17.3,0.16059999999999997,True,0.8650000000000001,True,0,True,True,True,12
REGN10987_400,450,1.8780000000000001,0.9709,sensitive_max_mut,0.032119999999999996,17.3,0.16059999999999997,True,0.8650000000000001,True,0,True,True,True,12
REGN10987_400,499,8.202,0.9881,sensitive_max_mut,0.032119999999999996,17.3,0.16059999999999997,True,0.8650000000000001,True,0,True,True,True,12
S2D106_68,456,1.995,0.5587,sensitive_max_mut,0.36324999999999996,11.42,1.8162499999999997,True,0.5710000000000001,True,0,True,True,True,5
S2D106_68,484,11.42,1.0,sensitive_max_mut,0.36324999999999996,11.42,1.8162499999999997,True,0.5710000000000001,True,0,True,True,True,5
S2D106_68,485,1.318,0.9854,sensitive_max_mut,0.36324999999999996,11.42,1.8162499999999997,False,0.5710000000000001,True,0,True,True,True,5
S2D106_68,486,2.077,0.9444,sensitive_max_mut,0.36324999999999996,11.42,1.8162499999999997,True,0.5710000000000001,True,0,True,True,True,5
S2D106_68,490,7.565,1.0,sensitive_max_mut,0.36324999999999996,11.42,1.8162499999999997,True,0.5710000000000001,True,0,True,True,True,5
S2E12_56,455,1.859,0.9382,sensitive_max_mut,0.5085500000000001,17.07,2.5427500000000003,False,0.8535,True,0,True,True,True,12
S2E12_56,456,2.636,0.9542,sensitive_max_mut,0.5085500000000001,17.07,2.5427500000000003,True,0.8535,True,0,True,True,True,12
S2E12_56,472,3.563,0.9964,sensitive_max_mut,0.5085500000000001,17.07,2.5427500000000003,True,0.8535,True,0,True,True,True,12
S2E12_56,475,4.6339999999999995,0.9962,sensitive_max_mut,0.5085500000000001,17.07,2.5427500000000003,True,0.8535,True,0,True,True,True,12
S2E12_56,476,8.009,0.9965,sensitive_max_mut,0.5085500000000001,17.07,2.5427500000000003,True,0.8535,True,0,True,True,True,12
S2E12_56,477,1.484,0.7219,sensitive_max_mut,0.5085500000000001,17.07,2.5427500000000003,False,0.8535,True,0,True,True,True,12
S2E12_56,478,1.571,0.8071,sensitive_max_mut,0.5085500000000001,17.07,2.5427500000000003,False,0.8535,True,0,True,True,True,12
S2E12_56,484,5.202000000000001,0.9463,sensitive_max_mut,0.5085500000000001,17.07,2.5427500000000003,True,0.8535,True,0,True,True,True,12
S2E12_56,485,3.7319999999999998,0.9937,sensitive_max_mut,0.5085500000000001,17.07,2.5427500000000003,True,0.8535,True,0,True,True,True,12
S2E12_56,486,17.07,1.0,sensitive_max_mut,0.5085500000000001,17.07,2.5427500000000003,True,0.8535,True,0,True,True,True,12
S2E12_56,487,13.77,0.9994,sensitive_max_mut,0.5085500000000001,17.07,2.5427500000000003,True,0.8535,True,0,True,True,True,12
S2E12_56,489,7.662999999999999,0.9959,sensitive_max_mut,0.5085500000000001,17.07,2.5427500000000003,True,0.8535,True,0,True,True,True,12
S2H13_56,446,0.98,0.624,sensitive_max_mut,0.02978,17.16,0.1489,True,0.8580000000000001,True,0,True,True,True,17
S2H13_56,448,0.78,0.6783,sensitive_max_mut,0.02978,17.16,0.1489,True,0.8580000000000001,False,0,True,True,True,17
S2H13_56,449,2.887,0.9540000000000001,sensitive_max_mut,0.02978,17.16,0.1489,True,0.8580000000000001,True,0,True,True,True,17
S2H13_56,450,1.052,0.9465,sensitive_max_mut,0.02978,17.16,0.1489,True,0.8580000000000001,True,0,True,True,True,17
S2H13_56,456,3.926,0.9741,sensitive_max_mut,0.02978,17.16,0.1489,True,0.8580000000000001,True,0,True,True,True,17
S2H13_56,472,11.99,1.0,sensitive_max_mut,0.02978,17.16,0.1489,True,0.8580000000000001,True,0,True,True,True,17
S2H13_56,473,8.408,0.9518,sensitive_max_mut,0.02978,17.16,0.1489,True,0.8580000000000001,True,0,True,True,True,17
S2H13_56,476,0.9427,0.4619,sensitive_max_mut,0.02978,17.16,0.1489,True,0.8580000000000001,True,0,True,False,True,17
S2H13_56,481,4.76,0.8817,sensitive_max_mut,0.02978,17.16,0.1489,True,0.8580000000000001,True,0,True,True,True,17
S2H13_56,482,1.571,0.7175,sensitive_max_mut,0.02978,17.16,0.1489,True,0.8580000000000001,True,0,True,True,True,17
S2H13_56,483,15.89,0.9921,sensitive_max_mut,0.02978,17.16,0.1489,True,0.8580000000000001,True,0,True,True,True,17
S2H13_56,484,17.16,0.9909,sensitive_max_mut,0.02978,17.16,0.1489,True,0.8580000000000001,True,0,True,True,True,17
S2H13_56,485,11.62,0.9859,sensitive_max_mut,0.02978,17.16,0.1489,True,0.8580000000000001,True,0,True,True,True,17
S2H13_56,486,14.14,0.9822,sensitive_max_mut,0.02978,17.16,0.1489,True,0.8580000000000001,True,0,True,True,True,17
S2H13_56,487,2.716,0.8615,sensitive_max_mut,0.02978,17.16,0.1489,True,0.8580000000000001,True,0,True,True,True,17
S2H13_56,490,8.785,0.953,sensitive_max_mut,0.02978,17.16,0.1489,True,0.8580000000000001,True,0,True,True,True,17
S2H13_56,494,0.6659999999999999,0.5399,sensitive_max_mut,0.02978,17.16,0.1489,True,0.8580000000000001,False,0,True,True,True,17
S2H14_105,403,1.952,0.992,sensitive_max_mut,0.024319999999999998,16.26,0.12159999999999999,True,0.8130000000000002,True,0,True,True,True,15
S2H14_105,406,0.8596,0.8565,sensitive_max_mut,0.024319999999999998,16.26,0.12159999999999999,True,0.8130000000000002,True,0,True,True,True,15
S2H14_105,417,2.5469999999999997,0.9556,sensitive_max_mut,0.024319999999999998,16.26,0.12159999999999999,True,0.8130000000000002,True,0,True,True,True,15
S2H14_105,449,13.27,0.9934,sensitive_max_mut,0.024319999999999998,16.26,0.12159999999999999,True,0.8130000000000002,True,0,True,True,True,15
S2H14_105,455,8.125,0.9729,sensitive_max_mut,0.024319999999999998,16.26,0.12159999999999999,True,0.8130000000000002,True,0,True,True,True,15
S2H14_105,456,5.71,0.9987,sensitive_max_mut,0.024319999999999998,16.26,0.12159999999999999,True,0.8130000000000002,True,0,True,True,True,15
S2H14_105,473,1.31,0.4888,sensitive_max_mut,0.024319999999999998,16.26,0.12159999999999999,True,0.8130000000000002,True,0,True,False,True,15
S2H14_105,489,4.323,0.9842,sensitive_max_mut,0.024319999999999998,16.26,0.12159999999999999,True,0.8130000000000002,True,0,True,True,True,15
S2H14_105,496,10.61,0.9904,sensitive_max_mut,0.024319999999999998,16.26,0.12159999999999999,True,0.8130000000000002,True,0,True,True,True,15
S2H14_105,498,10.71,0.9842,sensitive_max_mut,0.024319999999999998,16.26,0.12159999999999999,True,0.8130000000000002,True,0,True,True,True,15
S2H14_105,499,1.061,0.8711,sensitive_max_mut,0.024319999999999998,16.26,0.12159999999999999,True,0.8130000000000002,True,0,True,True,True,15
S2H14_105,500,16.26,1.0,sensitive_max_mut,0.024319999999999998,16.26,0.12159999999999999,True,0.8130000000000002,True,0,True,True,True,15
S2H14_105,501,14.66,0.9936,sensitive_max_mut,0.024319999999999998,16.26,0.12159999999999999,True,0.8130000000000002,True,0,True,True,True,15
S2H14_105,503,0.8694,0.8326,sensitive_max_mut,0.024319999999999998,16.26,0.12159999999999999,True,0.8130000000000002,True,0,True,True,True,15
S2H14_105,505,0.9458,0.9245,sensitive_max_mut,0.024319999999999998,16.26,0.12159999999999999,True,0.8130000000000002,True,0,True,True,True,15
S2H58_46,472,3.406,0.9859,sensitive_max_mut,0.3376,18.75,1.6880000000000002,True,0.9375,True,0,True,True,True,8
S2H58_46,484,18.75,1.0,sensitive_max_mut,0.3376,18.75,1.6880000000000002,True,0.9375,True,0,True,True,True,8
S2H58_46,485,2.004,0.9844,sensitive_max_mut,0.3376,18.75,1.6880000000000002,True,0.9375,True,0,True,True,True,8
S2H58_46,486,17.01,1.0,sensitive_max_mut,0.3376,18.75,1.6880000000000002,True,0.9375,True,0,True,True,True,8
S2H58_46,487,5.992999999999999,0.997,sensitive_max_mut,0.3376,18.75,1.6880000000000002,True,0.9375,True,0,True,True,True,8
S2H58_46,489,4.073,0.9953,sensitive_max_mut,0.3376,18.75,1.6880000000000002,True,0.9375,True,0,True,True,True,8
S2H58_46,490,8.494,0.9978,sensitive_max_mut,0.3376,18.75,1.6880000000000002,True,0.9375,True,0,True,True,True,8
S2H58_46,493,0.9764,0.5367,sensitive_max_mut,0.3376,18.75,1.6880000000000002,False,0.9375,True,0,True,True,True,8
S2H97_58,393,0.3568,0.06241,sensitive_max_mut,0.05865,4.166,0.29325,True,0.20830000000000004,True,0,True,False,True,9
S2H97_58,394,0.6844,0.5114,sensitive_max_mut,0.05865,4.166,0.29325,True,0.20830000000000004,True,0,True,True,True,9
S2H97_58,396,1.216,0.5295,sensitive_max_mut,0.05865,4.166,0.29325,True,0.20830000000000004,True,0,True,True,True,9
S2H97_58,428,1.01,0.5109,sensitive_max_mut,0.05865,4.166,0.29325,True,0.20830000000000004,True,0,True,True,True,9
S2H97_58,462,1.745,0.5577,sensitive_max_mut,0.05865,4.166,0.29325,True,0.20830000000000004,True,0,True,True,True,9
S2H97_58,514,2.28,0.5432,sensitive_max_mut,0.05865,4.166,0.29325,True,0.20830000000000004,True,0,True,True,True,9
S2H97_58,516,2.84,0.5466,sensitive_max_mut,0.05865,4.166,0.29325,True,0.20830000000000004,True,0,True,True,True,9
S2H97_58,518,4.166,0.8540000000000001,sensitive_max_mut,0.05865,4.166,0.29325,True,0.20830000000000004,True,0,True,True,True,9
S2H97_58,520,0.3528,0.09433,sensitive_max_mut,0.05865,4.166,0.29325,True,0.20830000000000004,True,0,True,False,True,9
S2X16_54,417,3.112,0.9948,sensitive_max_mut,0.080395,18.35,0.40197499999999997,True,0.9175000000000001,True,0,True,True,True,12
S2X16_54,455,5.621,0.9903,sensitive_max_mut,0.080395,18.35,0.40197499999999997,True,0.9175000000000001,True,0,True,True,True,12
S2X16_54,456,12.61,0.9935,sensitive_max_mut,0.080395,18.35,0.40197499999999997,True,0.9175000000000001,True,0,True,True,True,12
S2X16_54,472,6.766,0.991,sensitive_max_mut,0.080395,18.35,0.40197499999999997,True,0.9175000000000001,True,0,True,True,True,12
S2X16_54,473,10.06,0.9974,sensitive_max_mut,0.080395,18.35,0.40197499999999997,True,0.9175000000000001,True,0,True,True,True,12
S2X16_54,475,10.58,0.9988,sensitive_max_mut,0.080395,18.35,0.40197499999999997,True,0.9175000000000001,True,0,True,True,True,12
S2X16_54,484,18.35,1.0,sensitive_max_mut,0.080395,18.35,0.40197499999999997,True,0.9175000000000001,True,0,True,True,True,12
S2X16_54,485,1.5,0.9914,sensitive_max_mut,0.080395,18.35,0.40197499999999997,True,0.9175000000000001,True,0,True,True,True,12
S2X16_54,486,16.45,1.0,sensitive_max_mut,0.080395,18.35,0.40197499999999997,True,0.9175000000000001,True,0,True,True,True,12
S2X16_54,487,13.73,1.0,sensitive_max_mut,0.080395,18.35,0.40197499999999997,True,0.9175000000000001,True,0,True,True,True,12
S2X16_54,489,6.83,0.9892,sensitive_max_mut,0.080395,18.35,0.40197499999999997,True,0.9175000000000001,True,0,True,True,True,12
S2X16_54,493,4.967,0.9985,sensitive_max_mut,0.080395,18.35,0.40197499999999997,True,0.9175000000000001,True,0,True,True,True,12
S2X227_138,440,0.7521,0.6583,sensitive_max_mut,0.02187,14.92,0.10935,True,0.746,True,0,True,True,True,6
S2X227_138,443,3.466,0.9704,sensitive_max_mut,0.02187,14.92,0.10935,True,0.746,True,0,True,True,True,6
S2X227_138,444,0.9189,0.8869,sensitive_max_mut,0.02187,14.92,0.10935,True,0.746,True,0,True,True,True,6
S2X227_138,445,10.68,0.9872,sensitive_max_mut,0.02187,14.92,0.10935,True,0.746,True,0,True,True,True,6
S2X227_138,446,14.92,0.9831,sensitive_max_mut,0.02187,14.92,0.10935,True,0.746,True,0,True,True,True,6
S2X227_138,499,5.72,0.9526,sensitive_max_mut,0.02187,14.92,0.10935,True,0.746,True,0,True,True,True,6
S2X259_59,369,0.5911,0.5539999999999999,sensitive_max_mut,0.018145,12.46,0.090725,True,0.6230000000000001,False,0,True,True,True,6
S2X259_59,374,1.248,0.8807,sensitive_max_mut,0.018145,12.46,0.090725,True,0.6230000000000001,True,0,True,True,True,6
S2X259_59,378,1.7819999999999998,0.8868,sensitive_max_mut,0.018145,12.46,0.090725,True,0.6230000000000001,True,0,True,True,True,6
S2X259_59,384,1.258,0.7836,sensitive_max_mut,0.018145,12.46,0.090725,True,0.6230000000000001,True,0,True,True,True,6
S2X259_59,408,2.917,0.846,sensitive_max_mut,0.018145,12.46,0.090725,True,0.6230000000000001,True,0,True,True,True,6
S2X259_59,504,12.46,0.9644,sensitive_max_mut,0.018145,12.46,0.090725,True,0.6230000000000001,True,0,True,True,True,6
S2X35_70,374,2.418,0.9851,sensitive_max_mut,0.66765,18.09,3.33825,False,0.9045000000000001,True,0,True,True,True,11
S2X35_70,376,5.28,0.9932,sensitive_max_mut,0.66765,18.09,3.33825,True,0.9045000000000001,True,0,True,True,True,11
S2X35_70,378,2.642,0.9607,sensitive_max_mut,0.66765,18.09,3.33825,False,0.9045000000000001,True,0,True,True,True,11
S2X35_70,384,1.749,0.7932,sensitive_max_mut,0.66765,18.09,3.33825,False,0.9045000000000001,True,0,True,True,True,11
S2X35_70,404,1.99,1.0,sensitive_max_mut,0.66765,18.09,3.33825,False,0.9045000000000001,True,0,True,True,True,11
S2X35_70,405,2.461,0.8534,sensitive_max_mut,0.66765,18.09,3.33825,False,0.9045000000000001,True,0,True,True,True,11
S2X35_70,408,4.909,0.9139,sensitive_max_mut,0.66765,18.09,3.33825,True,0.9045000000000001,True,0,True,True,True,11
S2X35_70,434,0.9549,0.5909,sensitive_max_mut,0.66765,18.09,3.33825,False,0.9045000000000001,True,0,True,True,True,11
S2X35_70,503,2.002,0.6538,sensitive_max_mut,0.66765,18.09,3.33825,False,0.9045000000000001,True,0,True,True,True,11
S2X35_70,504,18.09,1.0,sensitive_max_mut,0.66765,18.09,3.33825,True,0.9045000000000001,True,0,True,True,True,11
S2X35_70,506,0.9835,0.632,sensitive_max_mut,0.66765,18.09,3.33825,False,0.9045000000000001,True,0,True,True,True,11
S2X58_18,346,4.095,0.9954,sensitive_max_mut,0.5112,14.85,2.556,True,0.7425,True,0,True,True,True,12
S2X58_18,406,0.9836,0.9063,sensitive_max_mut,0.5112,14.85,2.556,False,0.7425,True,0,True,True,True,12
S2X58_18,447,2.9,0.6993,sensitive_max_mut,0.5112,14.85,2.556,True,0.7425,True,0,True,True,True,12
S2X58_18,449,4.442,0.9981,sensitive_max_mut,0.5112,14.85,2.556,True,0.7425,True,0,True,True,True,12
S2X58_18,450,14.85,0.9976,sensitive_max_mut,0.5112,14.85,2.556,True,0.7425,True,0,True,True,True,12
S2X58_18,452,5.324,0.9978,sensitive_max_mut,0.5112,14.85,2.556,True,0.7425,True,0,True,True,True,12
S2X58_18,456,1.4969999999999999,0.5484,sensitive_max_mut,0.5112,14.85,2.556,False,0.7425,True,0,True,True,True,12
S2X58_18,470,1.61,0.9607,sensitive_max_mut,0.5112,14.85,2.556,False,0.7425,True,0,True,True,True,12
S2X58_18,484,14.44,0.9956,sensitive_max_mut,0.5112,14.85,2.556,True,0.7425,True,0,True,True,True,12
S2X58_18,485,1.459,0.9878,sensitive_max_mut,0.5112,14.85,2.556,False,0.7425,True,0,True,True,True,12
S2X58_18,490,13.98,0.9979,sensitive_max_mut,0.5112,14.85,2.556,True,0.7425,True,0,True,True,True,12
S2X58_18,494,10.34,0.9916,sensitive_max_mut,0.5112,14.85,2.556,True,0.7425,True,0,True,True,True,12
S304_46,361,1.256,0.5534,sensitive_max_mut,0.26925,16.45,1.34625,False,0.8225,True,0,True,True,True,8
S304_46,363,1.2590000000000001,0.8114,sensitive_max_mut,0.26925,16.45,1.34625,False,0.8225,True,0,True,True,True,8
S304_46,381,4.523,0.9897,sensitive_max_mut,0.26925,16.45,1.34625,True,0.8225,True,0,True,True,True,8
S304_46,382,0.6765,0.5425,sensitive_max_mut,0.26925,16.45,1.34625,False,0.8225,False,0,True,True,True,8
S304_46,383,6.876,0.9784,sensitive_max_mut,0.26925,16.45,1.34625,True,0.8225,True,0,True,True,True,8
S304_46,384,3.28,0.9501,sensitive_max_mut,0.26925,16.45,1.34625,True,0.8225,True,0,True,True,True,8
S304_46,385,16.45,0.9979,sensitive_max_mut,0.26925,16.45,1.34625,True,0.8225,True,0,True,True,True,8
S304_46,386,7.736000000000001,0.9814,sensitive_max_mut,0.26925,16.45,1.34625,True,0.8225,True,0,True,True,True,8
S309_421,336,0.9883,0.9883,sensitive_max_mut,0.5629500000000001,13.61,2.81475,False,0.6805,True,0,True,True,True,7
S309_421,337,13.61,1.0,sensitive_max_mut,0.5629500000000001,13.61,2.81475,True,0.6805,True,0,True,True,True,7
S309_421,340,10.87,0.9989,sensitive_max_mut,0.5629500000000001,13.61,2.81475,True,0.6805,True,0,True,True,True,7
S309_421,345,1.232,0.9914,sensitive_max_mut,0.5629500000000001,13.61,2.81475,False,0.6805,True,0,True,True,True,7
S309_421,356,1.4980000000000002,0.9002,sensitive_max_mut,0.5629500000000001,13.61,2.81475,False,0.6805,True,0,True,True,True,7
S309_421,358,1.955,0.9865,sensitive_max_mut,0.5629500000000001,13.61,2.81475,False,0.6805,True,0,True,True,True,7
S309_421,361,2.898,0.9857,sensitive_max_mut,0.5629500000000001,13.61,2.81475,True,0.6805,True,0,True,True,True,7
