isite,site,wildtype,mutant,count,n_countries,frequency
171,501,N,Y,462642,434,0.3886960707957464
147,477,S,N,43577,179,0.03661191304954207
122,452,L,R,41051,120,0.03448965377599999
154,484,E,K,37596,238,0.031586880304072876
109,439,N,K,18890,161,0.015870735422490068
148,478,T,K,12473,61,0.010479390308349318
87,417,K,N,10458,127,0.008786455852218164
87,417,K,T,6355,77,0.005339254823182868
164,494,S,P,5656,69,0.004751978800931912
190,520,A,S,3110,65,0.002612916207725998
171,501,N,T,2810,68,0.0023608664127685065
192,522,A,S,2028,73,0.0017038566139126446
110,440,N,K,1539,58,0.001293015448131933
160,490,F,S,1412,71,0.0011863143682665947
37,367,V,F,1327,69,0.0011149002596953055
154,484,E,Q,1261,41,0.0010594493048046573
54,384,P,L,1206,50,0.0010132401757291171
123,453,Y,F,1087,12,0.000913260423729312
147,477,S,R,905,28,0.0007603502147884336
122,452,L,Q,735,45,0.0006175219976458549
27,357,R,K,654,14,0.0005494685530073321
52,382,V,L,652,45,0.0005477882210409489
192,522,A,V,590,47,0.0004956979300830672
97,427,D,N,551,8,0.00046293145673859327
54,384,P,S,519,28,0.00043604614527646083
16,346,R,K,484,38,0.00040664033586475343
148,478,T,I,459,23,0.00038563618628496246
147,477,S,I,442,30,0.00037135336457070456
149,479,P,S,414,27,0.0003478287170413387
55,385,T,I,380,36,0.00031926307361282295
116,446,G,V,355,43,0.000298258924033032
55,385,T,N,339,16,0.00028481626830196573
129,459,S,F,334,16,0.0002806154383860075
18,348,A,S,307,30,0.0002579309568398333
125,455,L,F,306,28,0.00025709079085664164
84,414,Q,K,290,19,0.0002436481351255754
151,481,N,K,287,18,0.0002411276371760005
145,475,A,V,277,34,0.0002327259773440841
153,483,V,F,271,34,0.00022768498144493427
178,508,Y,H,266,29,0.00022348415152897606
122,452,L,M,255,27,0.00021424232571386803
84,414,Q,R,252,26,0.00021172182776429312
192,522,A,P,251,17,0.00021088166178110147
148,478,T,R,248,6,0.00020836116383152656
14,344,A,S,246,24,0.00020668083186514328
120,450,N,K,244,15,0.00020500049989876
146,476,G,S,211,28,0.0001772750224534359
22,352,A,S,206,21,0.0001730741925374777
32,362,V,F,201,14,0.0001688733626215195
73,403,R,K,198,8,0.0001663528646719446
37,367,V,L,196,21,0.00016467253270556131
78,408,R,K,192,18,0.00016131186877279475
24,354,N,D,191,15,0.00016047170278960313
24,354,N,K,189,17,0.00015879137082321985
43,373,S,L,187,20,0.00015711103885683657
16,346,R,S,182,19,0.00015291020894087835
160,490,F,L,175,25,0.00014702904705853688
186,516,E,Q,171,20,0.00014366838312577032
46,376,T,I,144,20,0.00012098390157959606
76,406,E,Q,141,14,0.00011846340363002115
141,471,E,Q,140,22,0.00011762323764682951
119,449,Y,H,137,13,0.00011510273969725459
173,503,V,I,137,15,0.00011510273969725459
166,496,G,S,136,13,0.00011426257371406295
153,483,V,A,134,15,0.00011258224174767967
26,356,K,R,127,16,0.0001067010798653382
29,359,S,N,123,11,0.00010334041593257164
40,370,N,S,121,7,0.00010166008396618836
78,408,R,I,119,24,9.997975199980508e-05
81,411,A,S,114,22,9.577892208384689e-05
80,410,I,V,109,11,9.157809216788869e-05
8,338,F,L,108,18,9.073792618469705e-05
5,335,L,F,103,11,8.653709626873885e-05
190,520,A,V,100,12,8.401659831916394e-05
184,514,S,F,99,17,8.31764323359723e-05
114,444,K,R,97,10,8.149610036958902e-05
9,339,G,D,97,11,8.149610036958902e-05
140,470,T,I,96,19,8.065593438639738e-05
145,475,A,S,93,10,7.813543643682246e-05
191,521,P,S,93,18,7.813543643682246e-05
199,529,K,T,91,11,7.645510447043918e-05
128,458,K,N,91,13,7.645510447043918e-05
200,530,S,N,90,10,7.561493848724753e-05
198,528,K,G,90,10,7.561493848724753e-05
138,468,I,V,90,18,7.561493848724753e-05
43,373,S,P,89,14,7.477477250405591e-05
147,477,S,G,89,11,7.477477250405591e-05
104,434,I,V,86,18,7.225427455448099e-05
199,529,K,R,84,7,7.05739425880977e-05
187,517,L,F,84,18,7.05739425880977e-05
9,339,G,S,83,21,6.973377660490607e-05
42,372,A,V,78,14,6.553294668894786e-05
48,378,K,N,76,11,6.385261472256458e-05
163,493,Q,R,74,7,6.217228275618132e-05
40,370,N,K,73,6,6.133211677298968e-05
37,367,V,I,73,9,6.133211677298968e-05
114,444,K,N,70,13,5.8811618823414755e-05
11,341,V,I,70,11,5.8811618823414755e-05
116,446,G,S,70,11,5.8811618823414755e-05
129,459,S,Y,66,16,5.5450954890648194e-05
140,470,T,N,63,13,5.293045694107328e-05
16,346,R,I,60,12,5.040995899149836e-05
89,419,A,S,59,14,4.956979300830672e-05
100,430,T,I,59,10,4.956979300830672e-05
115,445,V,A,59,10,4.956979300830672e-05
133,463,P,S,59,13,4.956979300830672e-05
78,408,R,G,56,6,4.7049295058731804e-05
72,402,I,V,55,12,4.6209129075540164e-05
164,494,S,L,55,20,4.6209129075540164e-05
18,348,A,T,55,11,4.6209129075540164e-05
43,373,S,A,54,8,4.5368963092348524e-05
37,367,V,A,54,5,4.5368963092348524e-05
163,493,Q,K,53,8,4.452879710915688e-05
74,404,G,C,53,5,4.452879710915688e-05
178,508,Y,C,52,4,4.368863112596524e-05
140,470,T,K,51,6,4.284846514277361e-05
149,479,P,L,51,9,4.284846514277361e-05
191,521,P,R,50,10,4.200829915958197e-05
163,493,Q,L,49,9,4.116813317639033e-05
85,415,T,N,48,8,4.032796719319869e-05
141,471,E,D,47,7,3.948780121000705e-05
64,394,N,Y,47,6,3.948780121000705e-05
173,503,V,F,47,13,3.948780121000705e-05
40,370,N,H,46,1,3.864763522681541e-05
156,486,F,L,46,6,3.864763522681541e-05
77,407,V,I,45,7,3.780746924362377e-05
97,427,D,Y,45,11,3.780746924362377e-05
195,525,C,I,44,7,3.6967303260432134e-05
196,526,G,T,44,7,3.6967303260432134e-05
22,352,A,V,43,11,3.6127137277240494e-05
154,484,E,G,42,16,3.528697129404885e-05
60,390,L,F,41,11,3.444680531085721e-05
153,483,V,I,40,9,3.360663932766557e-05
24,354,N,H,40,5,3.360663932766557e-05
151,481,N,S,38,5,3.192630736128229e-05
146,476,G,A,38,5,3.192630736128229e-05
155,485,G,R,38,6,3.192630736128229e-05
155,485,G,A,35,5,2.9405809411707378e-05
85,415,T,A,35,5,2.9405809411707378e-05
24,354,N,S,35,12,2.9405809411707378e-05
154,484,E,A,35,14,2.9405809411707378e-05
160,490,F,Y,34,6,2.8565643428515737e-05
138,468,I,T,34,12,2.8565643428515737e-05
1,331,N,T,34,6,2.8565643428515737e-05
163,493,Q,H,32,7,2.688531146213246e-05
110,440,N,Y,32,8,2.688531146213246e-05
18,348,A,P,31,2,2.604514547894082e-05
19,349,S,P,31,14,2.604514547894082e-05
118,448,N,S,31,10,2.604514547894082e-05
169,499,P,S,31,6,2.604514547894082e-05
41,371,S,T,31,5,2.604514547894082e-05
171,501,N,S,30,7,2.520497949574918e-05
54,384,P,R,30,1,2.520497949574918e-05
199,529,K,N,29,9,2.4364813512557542e-05
160,490,F,V,28,11,2.3524647529365902e-05
97,427,D,G,28,6,2.3524647529365902e-05
175,505,Y,H,28,8,2.3524647529365902e-05
193,523,T,S,28,5,2.3524647529365902e-05
191,521,P,L,28,10,2.3524647529365902e-05
183,513,L,F,27,9,2.2684481546174262e-05
111,441,L,I,27,6,2.2684481546174262e-05
16,346,R,G,27,5,2.2684481546174262e-05
196,526,G,S,27,4,2.2684481546174262e-05
83,413,G,R,26,7,2.184431556298262e-05
142,472,I,V,26,12,2.184431556298262e-05
38,368,L,I,26,6,2.184431556298262e-05
155,485,G,V,25,8,2.1004149579790985e-05
105,435,A,S,25,11,2.1004149579790985e-05
111,441,L,F,25,6,2.1004149579790985e-05
115,445,V,F,25,11,2.1004149579790985e-05
21,351,Y,F,25,4,2.1004149579790985e-05
174,504,G,D,24,10,2.0163983596599344e-05
140,470,T,A,24,5,2.0163983596599344e-05
7,337,P,S,24,8,2.0163983596599344e-05
145,475,A,T,23,6,1.9323817613407704e-05
174,504,G,S,23,5,1.9323817613407704e-05
64,394,N,S,23,4,1.9323817613407704e-05
177,507,P,A,22,2,1.8483651630216067e-05
135,465,E,D,22,9,1.8483651630216067e-05
141,471,E,G,22,8,1.8483651630216067e-05
115,445,V,I,22,8,1.8483651630216067e-05
189,519,H,Y,22,7,1.8483651630216067e-05
130,460,N,S,21,5,1.7643485647024427e-05
97,427,D,H,21,9,1.7643485647024427e-05
41,371,S,P,21,4,1.7643485647024427e-05
71,401,V,L,21,11,1.7643485647024427e-05
154,484,E,D,21,9,1.7643485647024427e-05
130,460,N,K,21,7,1.7643485647024427e-05
155,485,G,S,21,7,1.7643485647024427e-05
14,344,A,T,21,10,1.7643485647024427e-05
75,405,D,Y,20,9,1.6803319663832786e-05
119,449,Y,D,20,1,1.6803319663832786e-05
169,499,P,H,20,8,1.6803319663832786e-05
29,359,S,T,20,5,1.6803319663832786e-05
130,460,N,I,19,7,1.5963153680641146e-05
173,503,V,A,19,5,1.5963153680641146e-05
152,482,G,S,19,4,1.5963153680641146e-05
142,472,I,T,19,5,1.5963153680641146e-05
110,440,N,T,19,3,1.5963153680641146e-05
64,394,N,T,19,2,1.5963153680641146e-05
193,523,T,N,19,6,1.5963153680641146e-05
171,501,N,I,18,5,1.5122987697449507e-05
117,447,G,S,18,7,1.5122987697449507e-05
103,433,V,I,17,7,1.4282821714257869e-05
190,520,A,T,17,5,1.4282821714257869e-05
76,406,E,D,17,8,1.4282821714257869e-05
126,456,F,L,17,6,1.4282821714257869e-05
189,519,H,P,17,6,1.4282821714257869e-05
64,394,N,D,17,1,1.4282821714257869e-05
199,529,K,E,17,3,1.4282821714257869e-05
7,337,P,T,17,7,1.4282821714257869e-05
97,427,D,V,17,3,1.4282821714257869e-05
10,340,E,K,16,3,1.344265573106623e-05
120,450,N,D,16,5,1.344265573106623e-05
119,449,Y,S,16,3,1.344265573106623e-05
199,529,K,M,16,7,1.344265573106623e-05
117,447,G,V,16,6,1.344265573106623e-05
39,369,Y,H,16,5,1.344265573106623e-05
151,481,N,D,16,2,1.344265573106623e-05
113,443,S,F,16,2,1.344265573106623e-05
188,518,L,I,16,5,1.344265573106623e-05
159,489,Y,H,16,5,1.344265573106623e-05
59,389,D,E,16,6,1.344265573106623e-05
114,444,K,M,15,3,1.260248974787459e-05
45,375,S,T,15,5,1.260248974787459e-05
10,340,E,D,15,9,1.260248974787459e-05
98,428,D,G,15,6,1.260248974787459e-05
83,413,G,W,15,3,1.260248974787459e-05
166,496,G,V,15,6,1.260248974787459e-05
153,483,V,L,15,8,1.260248974787459e-05
149,479,P,H,15,6,1.260248974787459e-05
45,375,S,F,15,5,1.260248974787459e-05
177,507,P,S,15,6,1.260248974787459e-05
29,359,S,G,15,5,1.260248974787459e-05
187,517,L,H,15,2,1.260248974787459e-05
193,523,T,I,15,5,1.260248974787459e-05
16,346,R,T,14,5,1.1762323764682951e-05
164,494,S,A,14,6,1.1762323764682951e-05
187,517,L,I,14,6,1.1762323764682951e-05
31,361,C,T,14,5,1.1762323764682951e-05
18,348,A,V,14,4,1.1762323764682951e-05
189,519,H,A,14,1,1.1762323764682951e-05
121,451,Y,H,14,7,1.1762323764682951e-05
193,523,T,A,14,5,1.1762323764682951e-05
169,499,P,L,13,9,1.092215778149131e-05
10,340,E,G,13,4,1.092215778149131e-05
110,440,N,S,13,6,1.092215778149131e-05
46,376,T,S,13,5,1.092215778149131e-05
4,334,N,K,13,5,1.092215778149131e-05
147,477,S,T,13,7,1.092215778149131e-05
4,334,N,H,13,3,1.092215778149131e-05
96,426,P,S,12,4,1.0081991798299672e-05
14,344,A,V,12,7,1.0081991798299672e-05
26,356,K,N,12,7,1.0081991798299672e-05
191,521,P,T,12,6,1.0081991798299672e-05
112,442,D,V,12,1,1.0081991798299672e-05
7,337,P,L,12,6,1.0081991798299672e-05
181,511,V,I,12,6,1.0081991798299672e-05
176,506,Q,K,12,1,1.0081991798299672e-05
189,519,H,Q,12,5,1.0081991798299672e-05
48,378,K,R,12,6,1.0081991798299672e-05
15,345,T,S,11,6,9.241825815108033e-06
111,441,L,R,11,2,9.241825815108033e-06
110,440,N,D,11,7,9.241825815108033e-06
9,339,G,V,11,3,9.241825815108033e-06
175,505,Y,W,11,1,9.241825815108033e-06
3,333,T,I,11,6,9.241825815108033e-06
144,474,Q,H,11,6,9.241825815108033e-06
142,472,I,L,11,3,9.241825815108033e-06
198,528,K,R,11,4,9.241825815108033e-06
26,356,K,M,10,4,8.401659831916393e-06
78,408,R,T,10,4,8.401659831916393e-06
136,466,R,K,10,2,8.401659831916393e-06
63,393,T,I,10,5,8.401659831916393e-06
51,381,G,R,10,3,8.401659831916393e-06
134,464,F,L,10,6,8.401659831916393e-06
75,405,D,E,10,3,8.401659831916393e-06
188,518,L,P,10,6,8.401659831916393e-06
83,413,G,E,10,4,8.401659831916393e-06
42,372,A,T,10,5,8.401659831916393e-06
10,340,E,A,10,2,8.401659831916393e-06
29,359,S,R,10,4,8.401659831916393e-06
44,374,F,L,10,4,8.401659831916393e-06
113,443,S,A,9,3,7.561493848724754e-06
83,413,G,V,9,5,7.561493848724754e-06
146,476,G,D,9,5,7.561493848724754e-06
104,434,I,L,9,2,7.561493848724754e-06
87,417,K,R,9,5,7.561493848724754e-06
124,454,R,K,9,2,7.561493848724754e-06
65,395,V,I,9,3,7.561493848724754e-06
22,352,A,D,8,2,6.721327865533115e-06
72,402,I,L,8,3,6.721327865533115e-06
135,465,E,G,8,3,6.721327865533115e-06
34,364,D,N,8,3,6.721327865533115e-06
132,462,K,R,8,5,6.721327865533115e-06
131,461,L,I,8,3,6.721327865533115e-06
46,376,T,N,8,3,6.721327865533115e-06
27,357,R,I,8,4,6.721327865533115e-06
160,490,F,I,8,5,6.721327865533115e-06
26,356,K,T,8,5,6.721327865533115e-06
65,395,V,L,8,2,6.721327865533115e-06
144,474,Q,E,8,2,6.721327865533115e-06
170,500,T,A,8,4,6.721327865533115e-06
81,411,A,V,7,4,5.8811618823414755e-06
132,462,K,E,7,3,5.8811618823414755e-06
47,377,F,L,7,2,5.8811618823414755e-06
12,342,F,L,7,4,5.8811618823414755e-06
180,510,V,L,7,5,5.8811618823414755e-06
139,469,S,L,7,5,5.8811618823414755e-06
112,442,D,F,7,1,5.8811618823414755e-06
28,358,I,V,7,4,5.8811618823414755e-06
42,372,A,P,7,5,5.8811618823414755e-06
40,370,N,D,7,1,5.8811618823414755e-06
125,455,L,S,7,2,5.8811618823414755e-06
194,524,V,I,7,4,5.8811618823414755e-06
88,418,I,V,7,4,5.8811618823414755e-06
50,380,Y,F,7,4,5.8811618823414755e-06
118,448,N,T,7,3,5.8811618823414755e-06
169,499,P,R,7,4,5.8811618823414755e-06
66,396,Y,F,7,3,5.8811618823414755e-06
170,500,T,S,7,5,5.8811618823414755e-06
85,415,T,I,7,4,5.8811618823414755e-06
110,440,N,I,7,2,5.8811618823414755e-06
132,462,K,T,7,2,5.8811618823414755e-06
71,401,V,I,6,6,5.040995899149836e-06
81,411,A,T,6,5,5.040995899149836e-06
118,448,N,K,6,3,5.040995899149836e-06
112,442,D,Y,6,2,5.040995899149836e-06
98,428,D,Y,6,4,5.040995899149836e-06
128,458,K,R,6,5,5.040995899149836e-06
2,332,I,V,6,4,5.040995899149836e-06
30,360,N,S,6,2,5.040995899149836e-06
153,483,V,G,6,2,5.040995899149836e-06
75,405,D,G,6,3,5.040995899149836e-06
42,372,A,S,6,4,5.040995899149836e-06
109,439,N,I,6,1,5.040995899149836e-06
41,371,S,F,6,4,5.040995899149836e-06
132,462,K,I,6,3,5.040995899149836e-06
127,457,R,S,6,4,5.040995899149836e-06
130,460,N,T,6,2,5.040995899149836e-06
39,369,Y,F,6,1,5.040995899149836e-06
28,358,I,T,6,3,5.040995899149836e-06
97,427,D,A,6,5,5.040995899149836e-06
1,331,N,S,6,4,5.040995899149836e-06
141,471,E,K,6,5,5.040995899149836e-06
90,420,D,Y,6,2,5.040995899149836e-06
141,471,E,A,6,2,5.040995899149836e-06
114,444,K,F,6,1,5.040995899149836e-06
59,389,D,N,6,4,5.040995899149836e-06
156,486,F,S,6,5,5.040995899149836e-06
116,446,G,A,6,4,5.040995899149836e-06
168,498,Q,R,6,1,5.040995899149836e-06
4,334,N,Y,6,2,5.040995899149836e-06
116,446,G,D,6,3,5.040995899149836e-06
146,476,G,V,6,4,5.040995899149836e-06
74,404,G,S,5,1,4.2008299159581966e-06
54,384,P,H,5,2,4.2008299159581966e-06
106,436,W,L,5,2,4.2008299159581966e-06
187,517,L,P,5,3,4.2008299159581966e-06
106,436,W,C,5,3,4.2008299159581966e-06
105,435,A,T,5,1,4.2008299159581966e-06
89,419,A,T,5,1,4.2008299159581966e-06
197,527,P,T,5,2,4.2008299159581966e-06
24,354,N,I,5,1,4.2008299159581966e-06
84,414,Q,L,5,3,4.2008299159581966e-06
104,434,I,T,5,1,4.2008299159581966e-06
117,447,G,D,5,2,4.2008299159581966e-06
148,478,T,A,5,3,4.2008299159581966e-06
183,513,L,I,5,5,4.2008299159581966e-06
192,522,A,Q,5,3,4.2008299159581966e-06
48,378,K,M,5,1,4.2008299159581966e-06
181,511,V,L,5,2,4.2008299159581966e-06
98,428,D,E,5,1,4.2008299159581966e-06
192,522,A,T,5,4,4.2008299159581966e-06
192,522,A,G,5,2,4.2008299159581966e-06
100,430,T,A,5,4,4.2008299159581966e-06
184,514,S,Y,5,4,4.2008299159581966e-06
129,459,S,P,5,4,4.2008299159581966e-06
114,444,K,L,5,1,4.2008299159581966e-06
127,457,R,K,5,4,4.2008299159581966e-06
192,522,A,E,5,3,4.2008299159581966e-06
201,531,T,N,5,4,4.2008299159581966e-06
143,473,Y,H,4,3,3.3606639327665575e-06
138,468,I,L,4,2,3.3606639327665575e-06
138,468,I,F,4,4,3.3606639327665575e-06
135,465,E,L,4,1,3.3606639327665575e-06
200,530,S,T,4,2,3.3606639327665575e-06
143,473,Y,F,4,4,3.3606639327665575e-06
123,453,Y,H,4,4,3.3606639327665575e-06
118,448,N,D,4,2,3.3606639327665575e-06
111,441,L,V,4,1,3.3606639327665575e-06
144,474,Q,R,4,3,3.3606639327665575e-06
113,443,S,Y,4,1,3.3606639327665575e-06
3,333,T,K,4,3,3.3606639327665575e-06
120,450,N,S,4,3,3.3606639327665575e-06
136,466,R,I,4,3,3.3606639327665575e-06
198,528,K,I,4,3,3.3606639327665575e-06
66,396,Y,H,4,2,3.3606639327665575e-06
161,491,P,S,4,3,3.3606639327665575e-06
83,413,G,A,4,1,3.3606639327665575e-06
21,351,Y,H,4,4,3.3606639327665575e-06
165,495,Y,H,4,3,3.3606639327665575e-06
166,496,G,D,4,3,3.3606639327665575e-06
23,353,W,C,4,1,3.3606639327665575e-06
166,496,G,R,4,2,3.3606639327665575e-06
77,407,V,A,4,2,3.3606639327665575e-06
23,353,W,R,4,2,3.3606639327665575e-06
75,405,D,N,4,3,3.3606639327665575e-06
170,500,T,I,4,3,3.3606639327665575e-06
171,501,N,H,4,2,3.3606639327665575e-06
67,397,A,V,4,3,3.3606639327665575e-06
65,395,V,F,4,3,3.3606639327665575e-06
90,420,D,A,4,1,3.3606639327665575e-06
173,503,V,L,4,3,3.3606639327665575e-06
177,507,P,L,4,2,3.3606639327665575e-06
53,383,S,F,4,2,3.3606639327665575e-06
52,382,V,M,4,2,3.3606639327665575e-06
182,512,V,I,4,3,3.3606639327665575e-06
45,375,S,P,4,3,3.3606639327665575e-06
185,515,F,L,4,3,3.3606639327665575e-06
186,516,E,G,4,2,3.3606639327665575e-06
38,368,L,P,4,4,3.3606639327665575e-06
30,360,N,Y,4,2,3.3606639327665575e-06
36,366,S,P,4,2,3.3606639327665575e-06
189,519,H,L,4,3,3.3606639327665575e-06
190,520,A,L,4,2,3.3606639327665575e-06
161,491,P,L,4,3,3.3606639327665575e-06
168,498,Q,K,4,4,3.3606639327665575e-06
154,484,E,R,4,2,3.3606639327665575e-06
197,527,P,S,4,2,3.3606639327665575e-06
152,482,G,V,4,4,3.3606639327665575e-06
98,428,D,V,4,3,3.3606639327665575e-06
95,425,L,V,4,3,3.3606639327665575e-06
90,420,D,N,4,3,3.3606639327665575e-06
151,481,N,Y,4,2,3.3606639327665575e-06
107,437,N,S,4,4,3.3606639327665575e-06
108,438,S,A,3,1,2.520497949574918e-06
197,527,P,L,3,3,2.520497949574918e-06
41,371,S,A,3,2,2.520497949574918e-06
172,502,G,R,3,2,2.520497949574918e-06
64,394,N,I,3,3,2.520497949574918e-06
174,504,G,N,3,2,2.520497949574918e-06
122,452,L,V,3,2,2.520497949574918e-06
5,335,L,S,3,2,2.520497949574918e-06
131,461,L,F,3,1,2.520497949574918e-06
39,369,Y,C,3,2,2.520497949574918e-06
149,479,P,T,3,2,2.520497949574918e-06
28,358,I,L,3,2,2.520497949574918e-06
89,419,A,V,3,2,2.520497949574918e-06
44,374,F,S,3,3,2.520497949574918e-06
58,388,N,S,3,1,2.520497949574918e-06
25,355,R,S,3,2,2.520497949574918e-06
179,509,R,K,3,3,2.520497949574918e-06
180,510,V,I,3,2,2.520497949574918e-06
17,347,F,L,3,3,2.520497949574918e-06
182,512,V,A,3,2,2.520497949574918e-06
182,512,V,F,3,1,2.520497949574918e-06
111,441,L,Y,3,1,2.520497949574918e-06
182,512,V,L,3,3,2.520497949574918e-06
128,458,K,Q,3,3,2.520497949574918e-06
184,514,S,T,3,2,2.520497949574918e-06
139,469,S,T,3,2,2.520497949574918e-06
69,399,S,P,3,3,2.520497949574918e-06
169,499,P,T,3,2,2.520497949574918e-06
164,494,S,T,3,2,2.520497949574918e-06
44,374,F,Y,3,3,2.520497949574918e-06
10,340,E,Q,3,2,2.520497949574918e-06
115,445,V,D,3,1,2.520497949574918e-06
32,362,V,L,3,2,2.520497949574918e-06
87,417,K,E,3,2,2.520497949574918e-06
33,363,A,S,3,1,2.520497949574918e-06
33,363,A,V,3,3,2.520497949574918e-06
158,488,C,F,3,2,2.520497949574918e-06
82,412,P,Q,3,1,2.520497949574918e-06
199,529,K,Q,3,1,2.520497949574918e-06
82,412,P,L,3,2,2.520497949574918e-06
114,444,K,I,3,1,2.520497949574918e-06
164,494,S,R,3,1,2.520497949574918e-06
104,434,I,M,3,3,2.520497949574918e-06
22,352,A,T,3,3,2.520497949574918e-06
188,518,L,V,3,3,2.520497949574918e-06
187,517,L,V,3,3,2.520497949574918e-06
75,405,D,H,3,2,2.520497949574918e-06
97,427,D,E,3,1,2.520497949574918e-06
133,463,P,L,3,2,2.520497949574918e-06
188,518,L,R,3,1,2.520497949574918e-06
113,443,S,C,3,1,2.520497949574918e-06
152,482,G,R,2,2,1.6803319663832788e-06
137,467,D,Y,2,2,1.6803319663832788e-06
188,518,L,Q,2,2,1.6803319663832788e-06
139,469,S,A,2,2,1.6803319663832788e-06
186,516,E,V,2,2,1.6803319663832788e-06
190,520,A,E,2,2,1.6803319663832788e-06
189,519,H,D,2,1,1.6803319663832788e-06
138,468,I,M,2,2,1.6803319663832788e-06
189,519,H,R,2,1,1.6803319663832788e-06
150,480,C,F,2,1,1.6803319663832788e-06
173,503,V,G,2,2,1.6803319663832788e-06
179,509,R,G,2,1,1.6803319663832788e-06
168,498,Q,H,2,1,1.6803319663832788e-06
196,526,G,A,2,2,1.6803319663832788e-06
159,489,Y,C,2,1,1.6803319663832788e-06
195,525,C,R,2,2,1.6803319663832788e-06
161,491,P,T,2,2,1.6803319663832788e-06
163,493,Q,E,2,2,1.6803319663832788e-06
194,524,V,A,2,2,1.6803319663832788e-06
157,487,N,T,2,1,1.6803319663832788e-06
157,487,N,K,2,2,1.6803319663832788e-06
199,529,K,S,2,1,1.6803319663832788e-06
157,487,N,D,2,2,1.6803319663832788e-06
197,527,P,Q,2,1,1.6803319663832788e-06
145,475,A,D,2,1,1.6803319663832788e-06
174,504,G,V,2,2,1.6803319663832788e-06
151,481,N,I,2,2,1.6803319663832788e-06
135,465,E,V,2,1,1.6803319663832788e-06
155,485,G,T,2,2,1.6803319663832788e-06
155,485,G,D,2,1,1.6803319663832788e-06
148,478,T,L,2,1,1.6803319663832788e-06
200,530,S,A,2,2,1.6803319663832788e-06
155,485,G,C,2,2,1.6803319663832788e-06
200,530,S,F,2,2,1.6803319663832788e-06
172,502,G,V,2,2,1.6803319663832788e-06
200,530,S,P,2,2,1.6803319663832788e-06
148,478,T,S,2,2,1.6803319663832788e-06
191,521,P,A,2,1,1.6803319663832788e-06
201,531,T,R,2,2,1.6803319663832788e-06
65,395,V,A,2,2,1.6803319663832788e-06
78,408,R,S,2,1,1.6803319663832788e-06
55,385,T,A,2,1,1.6803319663832788e-06
32,362,V,I,2,1,1.6803319663832788e-06
32,362,V,A,2,1,1.6803319663832788e-06
56,386,K,R,2,1,1.6803319663832788e-06
84,414,Q,H,2,1,1.6803319663832788e-06
28,358,I,F,2,2,1.6803319663832788e-06
113,443,S,L,2,1,1.6803319663832788e-06
83,413,G,C,2,1,1.6803319663832788e-06
27,357,R,G,2,2,1.6803319663832788e-06
114,444,K,Y,2,1,1.6803319663832788e-06
26,356,K,Y,2,1,1.6803319663832788e-06
26,356,K,E,2,2,1.6803319663832788e-06
96,426,P,T,2,2,1.6803319663832788e-06
59,389,D,H,2,2,1.6803319663832788e-06
80,410,I,L,2,1,1.6803319663832788e-06
79,409,Q,L,2,1,1.6803319663832788e-06
59,389,D,T,2,1,1.6803319663832788e-06
54,384,P,T,2,2,1.6803319663832788e-06
111,441,L,H,2,1,1.6803319663832788e-06
34,364,D,G,2,2,1.6803319663832788e-06
52,382,V,A,2,2,1.6803319663832788e-06
49,379,C,F,2,2,1.6803319663832788e-06
42,372,A,L,2,1,1.6803319663832788e-06
94,424,K,N,2,2,1.6803319663832788e-06
50,380,Y,N,2,2,1.6803319663832788e-06
103,433,V,F,2,2,1.6803319663832788e-06
36,366,S,Y,2,2,1.6803319663832788e-06
36,366,S,L,2,1,1.6803319663832788e-06
108,438,S,T,2,2,1.6803319663832788e-06
54,384,P,A,2,2,1.6803319663832788e-06
36,366,S,A,2,1,1.6803319663832788e-06
67,397,A,S,2,2,1.6803319663832788e-06
52,382,V,E,2,2,1.6803319663832788e-06
35,365,Y,H,2,1,1.6803319663832788e-06
110,440,N,F,2,1,1.6803319663832788e-06
90,420,D,G,2,2,1.6803319663832788e-06
53,383,S,A,2,1,1.6803319663832788e-06
119,449,Y,C,2,1,1.6803319663832788e-06
81,411,A,P,2,2,1.6803319663832788e-06
77,407,V,L,2,1,1.6803319663832788e-06
9,339,G,C,2,2,1.6803319663832788e-06
125,455,L,V,2,1,1.6803319663832788e-06
12,342,F,C,2,2,1.6803319663832788e-06
72,402,I,T,2,2,1.6803319663832788e-06
126,456,F,Y,2,1,1.6803319663832788e-06
127,457,R,M,2,1,1.6803319663832788e-06
127,457,R,T,2,2,1.6803319663832788e-06
128,458,K,E,2,2,1.6803319663832788e-06
128,458,K,T,2,1,1.6803319663832788e-06
7,337,P,R,2,2,1.6803319663832788e-06
14,344,A,D,2,2,1.6803319663832788e-06
132,462,K,N,2,2,1.6803319663832788e-06
7,337,P,H,2,2,1.6803319663832788e-06
133,463,P,R,2,1,1.6803319663832788e-06
134,464,F,S,2,1,1.6803319663832788e-06
64,394,N,K,2,2,1.6803319663832788e-06
71,401,V,A,2,2,1.6803319663832788e-06
70,400,F,L,2,2,1.6803319663832788e-06
2,332,I,T,2,2,1.6803319663832788e-06
73,403,R,S,2,2,1.6803319663832788e-06
45,375,S,Y,2,1,1.6803319663832788e-06
62,392,F,L,2,1,1.6803319663832788e-06
60,390,L,I,2,1,1.6803319663832788e-06
18,348,A,G,2,1,1.6803319663832788e-06
75,405,D,A,2,1,1.6803319663832788e-06
122,452,L,P,2,2,1.6803319663832788e-06
121,451,Y,D,2,1,1.6803319663832788e-06
19,349,S,F,2,2,1.6803319663832788e-06
63,393,T,A,1,1,8.401659831916394e-07
172,502,G,C,1,1,8.401659831916394e-07
60,390,L,P,1,1,8.401659831916394e-07
172,502,G,S,1,1,8.401659831916394e-07
175,505,Y,F,1,1,8.401659831916394e-07
175,505,Y,C,1,1,8.401659831916394e-07
51,381,G,E,1,1,8.401659831916394e-07
172,502,G,A,1,1,8.401659831916394e-07
50,380,Y,C,1,1,8.401659831916394e-07
49,379,C,W,1,1,8.401659831916394e-07
182,512,V,M,1,1,8.401659831916394e-07
174,504,G,Y,1,1,8.401659831916394e-07
49,379,C,S,1,1,8.401659831916394e-07
59,389,D,Y,1,1,8.401659831916394e-07
184,514,S,A,1,1,8.401659831916394e-07
184,514,S,C,1,1,8.401659831916394e-07
48,378,K,E,1,1,8.401659831916394e-07
174,504,G,C,1,1,8.401659831916394e-07
63,393,T,P,1,1,8.401659831916394e-07
181,511,V,G,1,1,8.401659831916394e-07
58,388,N,K,1,1,8.401659831916394e-07
57,387,L,S,1,1,8.401659831916394e-07
63,393,T,L,1,1,8.401659831916394e-07
178,508,Y,F,1,1,8.401659831916394e-07
58,388,N,T,1,1,8.401659831916394e-07
62,392,F,I,1,1,8.401659831916394e-07
55,385,T,S,1,1,8.401659831916394e-07
178,508,Y,S,1,1,8.401659831916394e-07
174,504,G,A,1,1,8.401659831916394e-07
60,390,L,H,1,1,8.401659831916394e-07
179,509,R,T,1,1,8.401659831916394e-07
180,510,V,E,1,1,8.401659831916394e-07
176,506,Q,P,1,1,8.401659831916394e-07
176,506,Q,L,1,1,8.401659831916394e-07
59,389,D,G,1,1,8.401659831916394e-07
181,511,V,A,1,1,8.401659831916394e-07
63,393,T,N,1,1,8.401659831916394e-07
181,511,V,E,1,1,8.401659831916394e-07
179,509,R,S,1,1,8.401659831916394e-07
135,465,E,S,1,1,8.401659831916394e-07
184,514,S,P,1,1,8.401659831916394e-07
195,525,C,V,1,1,8.401659831916394e-07
197,527,P,N,1,1,8.401659831916394e-07
19,349,S,A,1,1,8.401659831916394e-07
19,349,S,T,1,1,8.401659831916394e-07
196,526,G,K,1,1,8.401659831916394e-07
19,349,S,Y,1,1,8.401659831916394e-07
195,525,C,W,1,1,8.401659831916394e-07
20,350,V,A,1,1,8.401659831916394e-07
25,355,R,T,1,1,8.401659831916394e-07
20,350,V,G,1,1,8.401659831916394e-07
194,524,V,L,1,1,8.401659831916394e-07
20,350,V,I,1,1,8.401659831916394e-07
21,351,Y,C,1,1,8.401659831916394e-07
23,353,W,L,1,1,8.401659831916394e-07
23,353,W,S,1,1,8.401659831916394e-07
18,348,A,Q,1,1,8.401659831916394e-07
17,347,F,C,1,1,8.401659831916394e-07
198,528,K,E,1,1,8.401659831916394e-07
15,345,T,N,1,1,8.401659831916394e-07
15,345,T,I,1,1,8.401659831916394e-07
199,529,K,C,1,1,8.401659831916394e-07
13,343,N,S,1,1,8.401659831916394e-07
199,529,K,I,1,1,8.401659831916394e-07
11,341,V,A,1,1,8.401659831916394e-07
8,338,F,Y,1,1,8.401659831916394e-07
8,338,F,P,1,1,8.401659831916394e-07
5,335,L,M,1,1,8.401659831916394e-07
4,334,N,T,1,1,8.401659831916394e-07
4,334,N,S,1,1,8.401659831916394e-07
4,334,N,D,1,1,8.401659831916394e-07
200,530,S,V,1,1,8.401659831916394e-07
200,530,S,Y,1,1,8.401659831916394e-07
24,354,N,Y,1,1,8.401659831916394e-07
26,356,K,W,1,1,8.401659831916394e-07
45,375,S,A,1,1,8.401659831916394e-07
38,368,L,R,1,1,8.401659831916394e-07
35,365,Y,F,1,1,8.401659831916394e-07
35,365,Y,N,1,1,8.401659831916394e-07
188,518,L,S,1,1,8.401659831916394e-07
36,366,S,F,1,1,8.401659831916394e-07
37,367,V,G,1,1,8.401659831916394e-07
38,368,L,Q,1,1,8.401659831916394e-07
39,369,Y,D,1,1,8.401659831916394e-07
27,357,R,T,1,1,8.401659831916394e-07
39,369,Y,S,1,1,8.401659831916394e-07
42,372,A,G,1,1,8.401659831916394e-07
186,516,E,D,1,1,8.401659831916394e-07
186,516,E,A,1,1,8.401659831916394e-07
185,515,F,V,1,1,8.401659831916394e-07
44,374,F,V,1,1,8.401659831916394e-07
189,519,H,I,1,1,8.401659831916394e-07
35,365,Y,C,1,1,8.401659831916394e-07
189,519,H,N,1,1,8.401659831916394e-07
34,364,D,Y,1,1,8.401659831916394e-07
34,364,D,E,1,1,8.401659831916394e-07
34,364,D,A,1,1,8.401659831916394e-07
33,363,A,T,1,1,8.401659831916394e-07
33,363,A,P,1,1,8.401659831916394e-07
190,520,A,P,1,1,8.401659831916394e-07
33,363,A,F,1,1,8.401659831916394e-07
33,363,A,D,1,1,8.401659831916394e-07
191,521,P,H,1,1,8.401659831916394e-07
31,361,C,F,1,1,8.401659831916394e-07
30,360,N,L,1,1,8.401659831916394e-07
29,359,S,I,1,1,8.401659831916394e-07
29,359,S,C,1,1,8.401659831916394e-07
28,358,I,A,1,1,8.401659831916394e-07
35,365,Y,S,1,1,8.401659831916394e-07
168,498,Q,P,1,1,8.401659831916394e-07
68,398,D,Y,1,1,8.401659831916394e-07
146,476,G,F,1,1,8.401659831916394e-07
112,442,D,E,1,1,8.401659831916394e-07
112,442,D,H,1,1,8.401659831916394e-07
112,442,D,I,1,1,8.401659831916394e-07
112,442,D,L,1,1,8.401659831916394e-07
112,442,D,N,1,1,8.401659831916394e-07
113,443,S,V,1,1,8.401659831916394e-07
114,444,K,D,1,1,8.401659831916394e-07
147,477,S,V,1,1,8.401659831916394e-07
115,445,V,C,1,1,8.401659831916394e-07
115,445,V,G,1,1,8.401659831916394e-07
115,445,V,L,1,1,8.401659831916394e-07
115,445,V,S,1,1,8.401659831916394e-07
147,477,S,A,1,1,8.401659831916394e-07
115,445,V,Y,1,1,8.401659831916394e-07
117,447,G,C,1,1,8.401659831916394e-07
149,479,P,N,1,1,8.401659831916394e-07
149,479,P,R,1,1,8.401659831916394e-07
111,441,L,S,1,1,8.401659831916394e-07
111,441,L,E,1,1,8.401659831916394e-07
109,439,N,T,1,1,8.401659831916394e-07
152,482,G,D,1,1,8.401659831916394e-07
152,482,G,A,1,1,8.401659831916394e-07
151,481,N,T,1,1,8.401659831916394e-07
110,440,N,H,1,1,8.401659831916394e-07
110,440,N,R,1,1,8.401659831916394e-07
151,481,N,H,1,1,8.401659831916394e-07
111,441,L,N,1,1,8.401659831916394e-07
150,480,C,Y,1,1,8.401659831916394e-07
150,480,C,W,1,1,8.401659831916394e-07
150,480,C,S,1,1,8.401659831916394e-07
150,480,C,R,1,1,8.401659831916394e-07
150,480,C,G,1,1,8.401659831916394e-07
111,441,L,M,1,1,8.401659831916394e-07
146,476,G,R,1,1,8.401659831916394e-07
117,447,G,R,1,1,8.401659831916394e-07
69,399,S,A,1,1,8.401659831916394e-07
146,476,G,C,1,1,8.401659831916394e-07
124,454,R,S,1,1,8.401659831916394e-07
126,456,F,I,1,1,8.401659831916394e-07
126,456,F,V,1,1,8.401659831916394e-07
139,469,S,Q,1,1,8.401659831916394e-07
139,469,S,P,1,1,8.401659831916394e-07
130,460,N,H,1,1,8.401659831916394e-07
130,460,N,Y,1,1,8.401659831916394e-07
133,463,P,H,1,1,8.401659831916394e-07
134,464,F,C,1,1,8.401659831916394e-07
135,465,E,N,1,1,8.401659831916394e-07
137,467,D,V,1,1,8.401659831916394e-07
137,467,D,N,1,1,8.401659831916394e-07
137,467,D,K,1,1,8.401659831916394e-07
137,467,D,E,1,1,8.401659831916394e-07
136,466,R,S,1,1,8.401659831916394e-07
124,454,R,G,1,1,8.401659831916394e-07
141,471,E,V,1,1,8.401659831916394e-07
123,453,Y,S,1,1,8.401659831916394e-07
144,474,Q,K,1,1,8.401659831916394e-07
118,448,N,Y,1,1,8.401659831916394e-07
119,449,Y,F,1,1,8.401659831916394e-07
119,449,Y,N,1,1,8.401659831916394e-07
145,475,A,P,1,1,8.401659831916394e-07
119,449,Y,W,1,1,8.401659831916394e-07
120,450,N,H,1,1,8.401659831916394e-07
120,450,N,I,1,1,8.401659831916394e-07
142,472,I,M,1,1,8.401659831916394e-07
121,451,Y,C,1,1,8.401659831916394e-07
143,473,Y,N,1,1,8.401659831916394e-07
122,452,L,F,1,1,8.401659831916394e-07
143,473,Y,C,1,1,8.401659831916394e-07
123,453,Y,C,1,1,8.401659831916394e-07
142,472,I,N,1,1,8.401659831916394e-07
109,439,N,S,1,1,8.401659831916394e-07
109,439,N,D,1,1,8.401659831916394e-07
108,438,S,Y,1,1,8.401659831916394e-07
108,438,S,F,1,1,8.401659831916394e-07
165,495,Y,C,1,1,8.401659831916394e-07
79,409,Q,H,1,1,8.401659831916394e-07
80,410,I,N,1,1,8.401659831916394e-07
80,410,I,T,1,1,8.401659831916394e-07
81,411,A,D,1,1,8.401659831916394e-07
82,412,P,S,1,1,8.401659831916394e-07
82,412,P,T,1,1,8.401659831916394e-07
162,492,L,V,1,1,8.401659831916394e-07
162,492,L,I,1,1,8.401659831916394e-07
84,414,Q,P,1,1,8.401659831916394e-07
161,491,P,R,1,1,8.401659831916394e-07
85,415,T,P,1,1,8.401659831916394e-07
161,491,P,H,1,1,8.401659831916394e-07
161,491,P,A,1,1,8.401659831916394e-07
85,415,T,S,1,1,8.401659831916394e-07
165,495,Y,F,1,1,8.401659831916394e-07
79,409,Q,E,1,1,8.401659831916394e-07
165,495,Y,S,1,1,8.401659831916394e-07
73,403,R,I,1,1,8.401659831916394e-07
171,501,N,F,1,1,8.401659831916394e-07
171,501,N,C,1,1,8.401659831916394e-07
170,500,T,P,1,1,8.401659831916394e-07
72,402,I,F,1,1,8.401659831916394e-07
72,402,I,N,1,1,8.401659831916394e-07
72,402,I,S,1,1,8.401659831916394e-07
74,404,G,A,1,1,8.401659831916394e-07
166,496,G,C,1,1,8.401659831916394e-07
169,499,P,A,1,1,8.401659831916394e-07
74,404,G,V,1,1,8.401659831916394e-07
135,465,E,R,1,1,8.401659831916394e-07
75,405,D,V,1,1,8.401659831916394e-07
76,406,E,K,1,1,8.401659831916394e-07
77,407,V,F,1,1,8.401659831916394e-07
86,416,G,E,1,1,8.401659831916394e-07
87,417,K,S,1,1,8.401659831916394e-07
160,490,F,R,1,1,8.401659831916394e-07
154,484,E,V,1,1,8.401659831916394e-07
98,428,D,A,1,1,8.401659831916394e-07
98,428,D,H,1,1,8.401659831916394e-07
98,428,D,R,1,1,8.401659831916394e-07
99,429,F,L,1,1,8.401659831916394e-07
100,430,T,M,1,1,8.401659831916394e-07
100,430,T,S,1,1,8.401659831916394e-07
101,431,G,D,1,1,8.401659831916394e-07
156,486,F,I,1,1,8.401659831916394e-07
101,431,G,R,1,1,8.401659831916394e-07
101,431,G,V,1,1,8.401659831916394e-07
102,432,C,F,1,1,8.401659831916394e-07
105,435,A,P,1,1,8.401659831916394e-07
107,437,N,I,1,1,8.401659831916394e-07
108,438,S,C,1,1,8.401659831916394e-07
97,427,D,C,1,1,8.401659831916394e-07
96,426,P,L,1,1,8.401659831916394e-07
160,490,F,P,1,1,8.401659831916394e-07
158,488,C,Y,1,1,8.401659831916394e-07
89,419,A,G,1,1,8.401659831916394e-07
159,489,Y,S,1,1,8.401659831916394e-07
159,489,Y,N,1,1,8.401659831916394e-07
92,422,N,I,1,1,8.401659831916394e-07
159,489,Y,F,1,1,8.401659831916394e-07
93,423,Y,C,1,1,8.401659831916394e-07
158,488,C,W,1,1,8.401659831916394e-07
96,426,P,C,1,1,8.401659831916394e-07
158,488,C,R,1,1,8.401659831916394e-07
95,425,L,F,1,1,8.401659831916394e-07
157,487,N,S,1,1,8.401659831916394e-07
95,425,L,S,1,1,8.401659831916394e-07
157,487,N,I,1,1,8.401659831916394e-07
157,487,N,H,1,1,8.401659831916394e-07
1,331,N,D,1,1,8.401659831916394e-07
